current_x,current_y,v_lineal,w_lineal
-4.939447333568957e-05,0.00017595028155210332,0.15,2.6
-4.939791109262806e-05,0.00017597016836029623,0.15,2.6
-4.940124775327723e-05,0.00017598947030578462,0.15,2.6
-4.940458442791954e-05,0.00017600877229403345,0.15,2.6
-4.9408022228556586e-05,0.00017602865923574868,0.15,2.6
-4.941135893162668e-05,0.00017604796131084736,0.15,2.6
-4.941469564869426e-05,0.00017606726342871696,0.15,2.6
-4.94181334930394e-05,0.00017608715050398981,0.15,2.6
-0.0001326124195766016,0.00017351128291480614,0.15,2.6
-0.00029937819236365657,0.00016478545429827714,0.15,2.6
-0.0001649750244418404,0.0001652974052521282,0.15,2.6
0.0003447684583819388,0.00019747592903458837,0.15,2.6
0.0011275604256748783,0.0002784558707654487,0.15,2.6
0.002056436130925641,0.0004142760085319864,0.15,2.6
0.0029436852367925497,0.0005804481635693377,0.15,2.6
0.003908576029079547,0.0008027538848462059,0.15,2.6
0.0051231225290510815,0.001140318044821887,0.15,2.6
0.006612238454040272,0.0016325385644705497,0.15,2.6
0.008449858468918667,0.0023514113093645937,0.15,2.6
0.010689916242570511,0.003381943198025425,0.15,2.6
0.013117008814937827,0.004692737924248104,0.15,2.6
0.01565625808081669,0.006293942095192436,0.15,[2.08111113]
0.01821448204042879,0.008174629107430727,0.15,[1.27200911]
0.020649943561254547,0.010247341784938538,0.15,[0.52736251]
0.023103900839128968,0.012619102584639953,0.15,[-0.13001148]
0.025573172214933246,0.015289539952542234,0.15,[-0.71740862]
0.027898797742349896,0.01805543328069159,0.15,[-1.18607464]
0.030158288156676653,0.020959241474374342,0.15,[-1.53688914]
0.03244530357818567,0.024069967192804576,0.15,[-1.75864816]
0.03467494237300423,0.02719186704328878,0.15,[-1.82529039]
0.03697402078205753,0.030408637564083386,0.15,[-1.73558181]
0.03948102421635499,0.0338047737128061,0.15,[-1.47249147]
0.04210619657292395,0.03714324562234604,0.15,[-1.04944894]
0.044824724413190464,0.0403287145912347,0.15,[-0.62099731]
0.04783672430718258,0.04360219630624174,0.15,[-0.22365955]
0.05103545293025623,0.04684882669847376,0.15,[0.11637343]
0.05437887727482333,0.05006157142288032,0.15,[0.36851899]
0.05796249558272815,0.053374993613433785,0.15,[0.52569302]
0.061624548932726377,0.056690981564139,0.15,[0.58386786]
0.06549722699915561,0.060186140000116656,0.15,[0.55191678]
0.06961726718772615,0.06395635874873809,0.15,[0.43021419]
0.07343880581720898,0.06754065882693482,0.15,[0.28745165]
0.07696398006425723,0.07093853874836806,0.15,[0.13731022]
0.08049859801096419,0.07444081988391418,0.15,[-0.00491352]
0.08387795493795669,0.07786652951609895,0.15,[-0.08910893]
0.08731294783273473,0.0813799930543002,0.15,[-0.10044349]
0.09089759687094419,0.0850399592785166,0.15,[-0.07189694]
0.09439237600425021,0.08858616985926487,0.15,[-0.03672737]
0.09788930048788731,0.09211371608567727,0.15,[-0.01089993]
0.10146107114257731,0.09570150955659884,0.15,[0.00981389]
0.10489390317303215,0.09913709652786526,0.15,[0.02817711]
0.1083439361923199,0.10258039692676013,0.15,[0.03574825]
0.11194126546962416,0.10617053271167487,0.15,[0.02724559]
0.115436041396568,0.10966448327004916,0.15,[0.01815732]
0.11892836629068174,0.11316199398333819,0.15,[0.00912445]
0.12252642671464266,0.11677065063707509,0.15,[0.00308245]
0.12601984633966107,0.12027730272369103,0.15,[0.00039605]
0.12951380307331814,0.12378571677477952,0.15,[-0.00028793]
0.13311367533452584,0.12740073994323167,0.15,[-0.00016564]
0.136607098464355,0.13090893893264033,0.15,[2.17292886e-05]
0.1400969445760996,0.13441414731750312,0.15,[-0.00042151]
0.14366779081026124,0.13800194855950149,0.15,[-0.004959]
0.1471372156585767,0.14149083911292495,0.15,[-0.00839011]
0.15062798913182457,0.14500135275395806,0.15,[-0.00699613]
0.1542246848856502,0.14861710813162404,0.15,[-0.00463554]
0.15771638914436018,0.15212585705971005,0.15,[-0.00281618]
0.161208513151908,0.15563403726469885,0.15,[-0.00171868]
0.1648065994216971,0.1592480763587799,0.15,[-0.0011093]
0.16829869090859717,0.16275536277301997,0.15,[-0.00073385]
0.17178868389658003,0.16626091266819185,0.15,[-7.73141042e-05]
0.17536323966231812,0.16984956782551214,0.15,[0.00504726]
0.17882739298438888,0.17332280766197683,0.15,[0.01136673]
0.18231908743096473,0.1768211804291571,0.15,[0.01063558]
0.1859182039998517,0.18042881058218058,0.15,[0.00711575]
0.18941085454528825,0.18393208232727845,0.15,[0.00398691]
0.192903971199364,0.18743759856502332,0.15,[0.00204508]
0.1965037874234522,0.1910512353060441,0.15,[0.00113523]
0.19999823140946318,0.19455954682204551,0.15,[0.00086648]
0.20349270338201236,0.19806799549544557,0.15,[0.00081837]
0.2070927341325015,0.20168245239012786,0.15,[0.00074512]
0.2105858444723179,0.2051898853566864,0.15,[0.00050221]
0.2140723802455775,0.20869163380899247,0.15,[-0.00072129]
0.21763723342026675,0.2122740898752711,0.15,[-0.00604039]
0.22111551737399,0.21577234384721664,0.15,[-0.00780233]
0.22460550992757472,0.21928198376585636,0.15,[-0.00631872]
0.22820218285267554,0.2228975805846454,0.15,[-0.00428946]
0.23169386633689498,0.22640633309224653,0.15,[-0.00277136]
0.23518591620595247,0.2299145714156583,0.15,[-0.00182107]
0.23878391633853008,0.23352868728197376,0.15,[-0.00122886]
0.2422757526514587,0.23703600257894147,0.15,[-0.00078835]
0.2457631640576018,0.24053897721367168,0.15,[0.0003982]
0.24933086045963865,0.2441196875739631,0.15,[0.00668509]
0.2528026640429214,0.24759942029696363,0.15,[0.01117017]
0.2562969875096218,0.25110063532146326,0.15,[0.00942638]
0.25989598977884,0.25470862304885017,0.15,[0.00618412]
0.26338889159088746,0.25821242758000146,0.15,[0.00360824]
0.2668824146810407,0.26171836691073236,0.15,[0.00207816]
0.2704825215848604,0.2653321578409265,0.15,[0.0013416]
0.27397706912757114,0.26884039010423205,0.15,[0.00106453]
0.277471507878539,0.27234866502284927,0.15,[0.00093267]
0.2810713748575832,0.2759628806812046,0.15,[0.00076438]
0.28456389456153425,0.279469943275637,0.15,[0.00042021]
0.28804456355367497,0.2829660471002913,0.15,[-0.00159749]
0.2916079787797596,0.2865479761484183,0.15,[-0.0067333]
0.2950931436172719,0.2900532715308505,0.15,[-0.00716123]
0.2985830291667209,0.29356264551309014,0.15,[-0.0056133]
0.3021797886816757,0.2971781457131621,0.15,[-0.00389644]
0.30567144913108457,0.3006868603789015,0.15,[-0.00266105]
0.30916342622080223,0.30419512273355254,0.15,[-0.00186007]
0.3127613209178164,0.307809264636476,0.15,[-0.00130301]
0.3162527440063301,0.31131646272879687,0.15,[-0.00080122]
0.3197348572514792,0.3148138937940269,0.15,[0.00134819]
0.32329874858255425,0.31838950612558564,0.15,[0.00807951]
0.32677964796490705,0.32187742948845843,0.15,[0.01047386]
0.33027414090667845,0.32537907581253117,0.15,[0.00835263]
0.33387320762902123,0.32898749159738344,0.15,[0.00552345]
0.3373671833707041,0.33249220765336174,0.15,[0.00424614]
0.340861418058784,0.335998114960338,0.15,[0.00301257]
0.34446193801071,0.3396115318306967,0.15,[0.0021342]
0.34795661743255757,0.34311930177421057,0.15,[0.00159367]
0.35145103900390834,0.34662718626163147,0.15,[0.00122326]
0.35505070549954054,0.35024101935744606,0.15,[0.00087166]
0.3585422112794322,0.35374730606134747,0.15,[0.00033707]
0.3620147183053495,0.35723561455291164,0.15,[-0.00269777]
0.365582043094918,0.3608222721964071,0.15,[-0.0069056]
0.3690709524503439,0.3643313082100795,0.15,[-0.00653064]
0.3725613136772466,0.3678409671339804,0.15,[-0.00499837]
0.3761581238941084,0.3714563905586368,0.15,[-0.00356751]
0.3796497406883151,0.37496508463884937,0.15,[-0.00256262]
0.3831416390849218,0.37847338265679076,0.15,[-0.00187991]
0.38673939607444113,0.3820875157496867,0.15,[-0.0013486]
0.3902300302272695,0.3855942420988093,0.15,[-0.00073809]
0.39370463095269004,0.38908356793316173,0.15,[0.00263452]
0.39726988498212723,0.39265932639058054,0.15,[0.00881333]
0.4007583661334205,0.3961545121280669,0.15,[0.00945775]
0.40425231772337306,0.39965597629361094,0.15,[0.00732334]
0.4078515605302197,0.4032649269632235,0.15,[0.00496462]
0.41134512244488,0.40676960560915576,0.15,[0.00328204]
0.41483933617637136,0.4102760587786047,0.15,[0.0022791]
0.41843991263365743,0.41388994921931016,0.15,[0.00171667]
0.42193457349645286,0.417397916016078,0.15,[0.00138731]
0.42542891824665396,0.4209058157291579,0.15,[0.00112596]
0.42902830398619374,0.4245195257223335,0.15,[0.00081055]
0.43251781162975866,0.4280239668179466,0.15,[7.46032512e-05]
0.43598256696932586,0.43150503431288256,0.15,[-0.0037217]
0.4395579690744903,0.435100546005923,0.15,[-0.00650841]
0.443048474288729,0.4386109634309698,0.15,[-0.00574044]
0.44653879422295356,0.4421203420626052,0.15,[-0.00443695]
0.450135629496053,0.4457356975490427,0.15,[-0.00330347]
0.45362717040383926,0.44924437878312773,0.15,[-0.00249301]
0.4571189652692548,0.4527527119928375,0.15,[-0.00190036]
0.4607164682672601,0.45636687383029156,0.15,[-0.00138305]
0.464205500323217,0.45987217519900725,0.15,[-0.0005414]
0.4676723483060017,0.4633529410734663,0.15,[0.00391149]
0.47124351492777783,0.4669334510249447,0.15,[0.00880544]
0.47473702075353547,0.4704338319213532,0.15,[0.00827254]
0.478230953760901,0.4739358273778602,0.15,[0.00626897]
0.4818303856865852,0.4775453848894877,0.15,[0.00438414]
0.48532433236183026,0.4810505667911878,0.15,[0.00309619]
0.48881885549446946,0.48455726241323904,0.15,[0.00231179]
0.4924195976924379,0.4881711552317855,0.15,[0.00182712]
0.4959142941311649,0.4916789880596895,0.15,[0.00149502]
0.49940856993702243,0.49518668084849166,0.15,[0.00119933]
0.5030075822716865,0.49880013679215957,0.15,[0.0008314]
0.5064932857373766,0.502300834134432,0.15,[-0.00033441]
0.5099524690291479,0.5057770833584169,0.15,[-0.00449915]
0.5135364125110975,0.5093815899409275,0.15,[-0.00596313]
0.5170259916504462,0.5128910576218059,0.15,[-0.00519968]
0.5205162865234206,0.5164003663432404,0.15,[-0.00412431]
0.5241130787136784,0.5200157713525202,0.15,[-0.00319589]
0.5276045240473166,0.523524535067356,0.15,[-0.00250073]
0.5310961970283276,0.5270329474298701,0.15,[-0.00195172]
0.5346933374831325,0.5306471156453918,0.15,[-0.00141973]
0.5381788872719513,0.5341489399608326,0.15,[-8.67499556e-05]
0.5416396098643139,0.5376225313431262,0.15,[0.00504057]
0.5452193868084182,0.5412106211790776,0.15,[0.00830432]
0.5487145087471293,0.5447128687337793,0.15,[0.00728492]
0.5522083996555954,0.5482151756855337,0.15,[0.00556352]
0.5558081136754748,0.5518251831757076,0.15,[0.00405991]
0.5593024276981939,0.5553306860090114,0.15,[0.00304002]
0.5627972368374924,0.5588375033049441,0.15,[0.00239002]
0.5663981162476871,0.5624513128414182,0.15,[0.00194332]
0.5698928400780798,0.565958974094573,0.15,[0.00160031]
0.57338702471329,0.5694664141913219,0.15,[0.00127311]
0.5769854515508294,0.5730794065852598,0.15,[0.00084069]
0.5804648042617774,0.5765739045683407,0.15,[-0.00096388]
0.5839231725006454,0.5800501433269534,0.15,[-0.00486599]
0.5875142197581782,0.5836618714652679,0.15,[-0.00531234]
0.5910037896674417,0.5871711467847472,0.15,[-0.0045505]
0.5944941495398638,0.5906803599719894,0.15,[-0.00370203]
0.5980909133428015,0.5942957323406093,0.15,[-0.00298179]
0.6015822722997576,0.5978045146245354,0.15,[-0.00241622]
0.6050738103269278,0.6013129298440836,0.15,[-0.00193116]
0.6086703657779274,0.6049268787057831,0.15,[-0.00138481]
0.612149622911304,0.608422122739521,0.15,[0.00073572]
0.6156080980212899,0.6118922576728715,0.15,[0.00585348]
0.6191971283748808,0.6154889211790481,0.15,[0.00748796]
0.6226917357022312,0.6189909317111347,0.15,[0.00641642]
0.6261857899738319,0.6224936789051,0.15,[0.00501152]
0.6297858348147192,0.6261040742619484,0.15,[0.00382598]
0.6332804967357261,0.629609814687994,0.15,[0.00301109]
0.636775574712376,0.633116698368133,0.15,[0.0024621]
0.6403765653696353,0.6367303774084297,0.15,[0.00204429]
0.6438713080935534,0.6402378432851324,0.15,[0.00169583]
0.6473653603985023,0.6437449881367062,0.15,[0.00134441]
0.6509626875347799,0.6473570009912102,0.15,[0.00081137]
0.6544339654631208,0.6508437241726346,0.15,[-0.00168285]
0.657897038810062,0.654325366001297,0.15,[-0.00475031]
0.6614917781723194,0.6579406686600073,0.15,[-0.00466218]
0.6649817201066613,0.6614500970518982,0.15,[-0.00396972]
0.6684721166035331,0.6649592303784935,0.15,[-0.00332318]
0.6720688257866124,0.6685745756891424,0.15,[-0.00277161]
0.6755600837492245,0.672083376305668,0.15,[-0.00231258]
0.6790514181641686,0.6755917914460575,0.15,[-0.00188316]
0.6826468951959508,0.6792049924184377,0.15,[-0.00127051]
0.6861182247336008,0.6826916662273711,0.15,[0.00170065]
0.689579589558186,0.6861636380374123,0.15,[0.00608785]
0.6931757446880029,0.6897673575916728,0.15,[0.0065179]
0.6966701965944975,0.6932696638209263,0.15,[0.00549046]
0.7001643881358743,0.6967729387373065,0.15,[0.00440303]
0.7037647751644243,0.7003838227207512,0.15,[0.0035172]
0.7072597369636869,0.703889834967564,0.15,[0.00289527]
0.7107550265813423,0.7073967907343167,0.15,[0.00245005]
0.7143561017736901,0.7110103656158171,0.15,[0.00207837]
0.7178508413629343,0.7145176450153793,0.15,[0.00174445]
0.7213446684867765,0.7180245564879171,0.15,[0.00138739]
0.7249398230764913,0.7216343996325948,0.15,[0.00067958]
0.7284036176701247,0.725114058334673,0.15,[-0.00228882]
0.7318748294477839,0.7286044503605257,0.15,[-0.00428356]
0.7354708950514881,0.7322208523156273,0.15,[-0.00399658]
0.7389607561308852,0.735730012252807,0.15,[-0.00347117]
0.7424511771849082,0.7392391185008959,0.15,[-0.00300119]
0.7460478132031712,0.7428544698548643,0.15,[-0.00258197]
0.7495389515826801,0.7463632978405019,0.15,[-0.00220664]
0.7530299859546247,0.74987175012747,0.15,[-0.00182275]
0.7566232620577111,0.7534829292223525,0.15,[-0.00102882]
0.760087088141589,0.7569612569858473,0.15,[0.00256348]
0.7635551513557316,0.7604389373845103,0.15,[0.00582069]
0.7671553539838679,0.7640469571052965,0.15,[0.00558407]
0.7706497586633498,0.7675496851283771,0.15,[0.00470402]
0.7741441379870883,0.7710534610368451,0.15,[0.00388922]
0.7777448381467539,0.7746647625359034,0.15,[0.00323817]
0.7812400718648181,0.778170999524903,0.15,[0.00276773]
0.7847355265034291,0.7816779763029469,0.15,[0.00240735]
0.7883366687460017,0.7852914331847999,0.15,[0.00208083]
0.7918313819128215,0.7887985025350182,0.15,[0.00176761]
0.7953248943587203,0.7923051320770307,0.15,[0.00141058]
0.7989158780522674,0.795910772395606,0.15,[0.00040308]
0.8023747188846765,0.7993861598778685,0.15,[-0.00267778]
0.8058548369532297,0.8028857837271586,0.15,[-0.00368392]
0.8094498819785544,0.8065010657646986,0.15,[-0.00346049]
0.8129397383090095,0.8100101518986373,0.15,[-0.00308994]
0.816430117811125,0.8135192847124306,0.15,[-0.00274996]
0.8200266461499175,0.8171346939457175,0.15,[-0.00242536]
0.8235176303941162,0.8206435619882172,0.15,[-0.00211148]
0.8270082037075599,0.824151980228256,0.15,[-0.00175391]
0.8305970079184605,0.8277586817835298,0.15,[-0.00058132]
0.8340559328620526,0.8312311589270681,0.15,[0.00319329]
0.8375331908997175,0.8347172313945533,0.15,[0.00517032]
0.8411343869537784,0.8383266503577779,0.15,[0.00473761]
0.84462879975268,0.8418297794604933,0.15,[0.00406223]
0.848123420717151,0.8453339985517749,0.15,[0.00347295]
0.8517244154045222,0.8489456261655518,0.15,[0.00299919]
0.8552199127744657,0.8524520263737395,0.15,[0.00264436]
0.8587155052520397,0.8559589675728099,0.15,[0.0023512]
0.8623167068310146,0.8595722772069309,0.15,[0.00206586]
0.865811372098487,0.8630790902234157,0.15,[0.00177503]
0.8693043406693512,0.8665852122277109,0.15,[0.00141012]
0.8728886127416632,0.8701842210601974,0.15,[-7.48609151e-06]
0.8763477176656104,0.8736605652535935,0.15,[-0.002717]
0.8798341703447083,0.8771665022548998,0.15,[-0.00309383]
0.8834293370577906,0.8807816952185132,0.15,[-0.00289308]
0.8869192465182385,0.8842906875913533,0.15,[-0.00265261]
0.8904096013922045,0.8877997849721937,0.15,[-0.00242722]
0.8940060397379133,0.8914151913040343,0.15,[-0.00219324]
0.8974968525222072,0.8949240308583309,0.15,[-0.0019438]
0.9009866994169192,0.8984321149520403,0.15,[-0.00160161]
0.9045683131151242,0.9020312787702818,0.15,[9.69759201e-05]
0.9080270435438368,0.9055025017771002,0.15,[0.00350017]
0.9115132848227033,0.9089972326722124,0.15,[0.00437432]
0.9151137048080459,0.9126062645386673,0.15,[0.00400106]
0.9186082574237705,0.9161098653085953,0.15,[0.00352015]
0.9221031522538607,0.9196144890679263,0.15,[0.00310902]
0.9257044218387974,0.9232263852341153,0.15,[0.00277105]
0.9292001601841338,0.9267329088790662,0.15,[0.00250754]
0.9326958648166324,0.9302397776884763,0.15,[0.00227162]
0.9362971142776253,0.9338529185142965,0.15,[0.00202662]
0.9397916857664131,0.9373594317736343,0.15,[0.00176062]
0.9432835594737474,0.9408644961112436,0.15,[0.00136436]
0.9468596181977742,0.9444555163571272,0.15,[-0.00043388]
0.9503242932939782,0.9479380017176279,0.15,[-0.00242769]
0.9538137373984799,0.9514467048408012,0.15,[-0.00252314]
0.9574091971086676,0.955061958913753,0.15,[-0.00237963]
0.9608991527420516,0.9585708877476156,0.15,[-0.00224307]
0.9643894669992534,0.9620799569997834,0.15,[-0.00210494]
0.9679858056914535,0.9656953559658447,0.15,[-0.00194337]
0.9714763577780743,0.9692042413684575,0.15,[-0.00175051]
0.9749648707574127,0.9727112508119581,0.15,[-0.00137742]
0.9785382645856652,0.9763015151740059,0.15,[0.00077037]
0.9820013766733928,0.9797761563710513,0.15,[0.00341947]
0.9854934907599584,0.9832768666220771,0.15,[0.00363831]
0.9890939809010848,0.9868864480535278,0.15,[0.0033121]
0.9925886463025366,0.9903905291398047,0.15,[0.00298855]
0.9960837600797326,0.9938955681355903,0.15,[0.00271995]
0.9996852652297051,0.997507761368186,0.15,[0.00249494]
1.0031811775925192,1.0010144071845772,0.15,[0.00231063]
1.0066769583701667,1.0045212296905555,0.15,[0.00213093]
1.0102782192314395,1.0081342158510098,0.15,[0.00193065]
1.0137725832728373,1.0116404858800097,0.15,[0.00169643]
1.017262265642507,1.015143293664215,0.15,[0.0012276]
1.020831034059481,1.0187273981052423,0.15,[-0.00073955]
1.0243046954770363,1.0222193200752274,0.15,[-0.00192291]
1.027794961176406,1.0257285291317222,0.15,[-0.00194317]
1.03139035953827,1.0293434668493047,0.15,[-0.0018909]
1.0348803705204905,1.032852337121963,0.15,[-0.00183643]
1.0383706468621452,1.0363613686447355,0.15,[-0.0017656]
1.041966875603724,1.0399767339295516,0.15,[-0.00166281]
1.0454570814647186,1.0434855953348028,0.15,[-0.00151655]
1.0489429238448855,1.0469900495857971,0.15,[-0.00104046]
1.0525092351930083,1.0505723639212843,0.15,[0.00129253]
1.055980177818276,1.0540539095719932,0.15,[0.00303371]
1.059474933130916,1.0575575919891436,0.15,[0.00298057]
1.063075353538224,1.0611675080258307,0.15,[0.00275317]
1.0665701985408582,1.0646720186116576,0.15,[0.00255075]
1.0700655252730913,1.0681773865093194,0.15,[0.00238307]
1.0736672683173967,1.071789815494166,0.15,[0.00223978]
1.0771633249828316,1.0752965091680606,0.15,[0.00211407]
1.0806591750178371,1.0788032490182193,0.15,[0.00198013]
1.0842604297822507,1.082416036484707,0.15,[0.0018194]
1.0877544780277653,1.0859219683038015,0.15,[0.0016135]
1.0912400505493343,1.089420563273576,0.15,[0.00101566]
1.0948045432748859,1.0930009647200911,0.15,[-0.00083903]
1.098286805061803,1.0965016305821698,0.15,[-0.00140339]
1.1017761348692345,1.10000971573001,0.15,[-0.00146596]
1.105371564183855,1.103624540398401,0.15,[-0.00147649]
1.1088615609797745,1.107133383221295,0.15,[-0.00147372]
1.1123517634774835,1.1106424171092542,0.15,[-0.00144714]
1.11594783547841,1.1142577641347,0.15,[-0.00138578]
1.119437494660985,1.1177664709085253,0.15,[-0.00126839]
1.122918270028779,1.1212657892160396,0.15,[-0.00059585]
1.126480928520046,1.1248434625035157,0.15,[0.00156686]
1.1299616457304191,1.128334256898065,0.15,[0.00244636]
1.1334560274028351,1.1318381125576136,0.15,[0.00229852]
1.1370563735514974,1.1354485809647914,0.15,[0.00216725]
1.1405512948891587,1.1389536179137068,0.15,[0.00206268]
1.1440467364681655,1.1424594104412829,0.15,[0.00197674]
1.147648636202821,1.1460721746623657,0.15,[0.00191004]
1.1511447385526086,1.1495789711695037,0.15,[0.00183675]
1.154640583245715,1.153085693476029,0.15,[0.00174766]
1.15824174706091,1.156698315798052,0.15,[0.00162861]
1.1617351515514973,1.1602037020859657,0.15,[0.00144868]
1.1652140390643424,1.1636957514385697,0.15,[0.00069982]
1.168779298308508,1.1672776260387565,0.15,[-0.00076088]
1.1722670692541193,1.1707837382135626,0.15,[-0.00098506]
1.1757566589224875,1.1742919099695908,0.15,[-0.00103865]
1.1793521485984284,1.1779066752107579,0.15,[-0.00108336]
1.1828421286025967,1.1814154906239984,0.15,[-0.00111166]
1.186332249201007,1.184924501028478,0.15,[-0.00111494]
1.1899280969916382,1.188539861433369,0.15,[-0.00108514]
1.193416839504869,1.1920479681997727,0.15,[-0.00097711]
1.1968900454624845,1.1955392731226815,0.15,[-9.37118628e-05]
1.2004540850166094,1.1991173523227314,0.15,[0.00158043]
1.2039426214463378,1.202615899931715,0.15,[0.00190162]
1.2074368762548895,1.20611996314785,[0.14860117],[0.00185833]
1.2110373928292955,1.2097307763255571,[0.14671447],[0.00179666]
1.2145001793332566,1.213203625786324,[0.14489991],[0.0017468]
1.2179201013579701,1.2166336076540367,[0.14310777],[0.00171097]
1.2214005691447332,1.2201244040213144,[0.14128388],[0.00168164]
1.2247370641195878,1.223470858085895,[0.13953543],[0.00164883]
1.228030885742291,1.2267746034326366,[0.13780931],[0.0016021]
1.2313820107427094,1.2301359982705051,[0.13605312],[0.00153425]
1.2345880214484173,1.2333524350629306,[0.13437283],[0.0012677]
1.237765897287297,1.2365413306745383,[0.13270708],[0.00141633]
1.2409862455478298,1.239772321935201,[0.13101923],[0.00114463]
1.2440775212276658,1.2428745372407712,[0.12939883],[0.00101901]
1.247128888855025,1.2459370818975564,[0.12779925],[0.00088204]
1.2502326733166513,1.2490527780477294,[0.12617206],[0.00071072]
1.2532081059656583,1.252040129084908,[0.12461202],[0.00055524]
1.2561457284992235,1.2549900069067048,[0.12307167],[0.00041775]
1.2591348231700097,1.2579920180642337,[0.12150422],[0.00030078]
1.2619997560127392,1.260869650199544,[0.12000179],[0.00022436]
1.2648278531751946,1.2637106652079941,[0.11851858],[0.00017636]
1.2676984043445971,1.2665950120918648,[0.11701292],[0.00039751]
1.270431615296714,1.269339304276322,[0.11557981],[0.00130623]
1.2731396371255808,1.2720553835410942,[0.11416067],[0.00191206]
1.2759140336093002,1.2748369716504118,[0.11270706],[0.00186681]
1.2785735420436841,1.2775035360708769,[0.11131361],[0.0018071]
1.2811993092902785,1.2801364291998645,[0.10993779],[0.00175902]
1.2838715015189814,1.282816017039381,[0.10853761],[0.0017182]
1.2864334172818517,1.2853851315392375,[0.10719518],[0.00168535]
1.2889631147169165,1.2879220254448458,[0.10586961],[0.00165772]
1.291537645566027,1.2905039577669541,[0.10452053],[0.00163358]
1.2940059283836132,1.292979397976476,[0.1032271],[0.00161299]
1.2964429072002945,1.2954234881918452,[0.10195007],[0.00159019]
1.2989225751635138,1.297910459319413,[0.10065065],[0.00156002]
1.3012993414947973,1.3002943142625045,[0.09940513],[0.0015222]
1.3036456448158416,1.3026477390275035,[0.09817555],[0.00147802]
1.3060320081660566,1.305041434955046,[0.09692495],[0.00140527]
1.3083154180266592,1.3073325996300331,[0.09572811],[0.00124088]
1.3105633196995798,1.309588853893759,[0.09454971],[0.00094193]
1.3128327965238518,1.3118682573622498,[0.0933596],[0.0002509]
1.3150274698810547,1.3140738520708233,[0.09220836],[5.09754618e-05]
1.3171999890864359,1.316257424809463,[0.09106867],[3.25925699e-06]
1.3194103259566894,1.3184791445777548,[0.08990911],[-4.99961324e-05]
1.3215285198534679,1.3206084470770887,[0.08879784],[-0.00011556]
1.3236197554111886,1.322710837424635,[0.08770066],[-0.00018108]
1.3257478298172225,1.3248504643064596,[0.0865841],[-0.00024521]
1.3277878779645778,1.326901785791314,[0.08551367],[-0.00030051]
1.3298020048002817,1.3289272151826192,[0.0844568],[-0.00034682]
1.3318515175167256,1.3309883782273388,[0.08338132],[-0.00038448]
1.3338161285122787,1.3329642702993185,[0.08235036],[-0.00041002]
1.3357557946429055,1.334915134625503,[0.08133248],[-0.00042791]
1.337728802624767,1.3368999033752944,[0.080297],[-0.00042568]
1.3395945053417986,1.338777045863032,[0.07931776],[-0.0003649]
1.3414329423640532,1.3406255820647932,[0.07835314],[0.00035789]
1.3432848494268115,1.3424845772128922,[0.07738218],[0.00158871]
1.34506443182669,1.344267363026955,[0.07645003],[0.00267716]
1.3468513420714445,1.3460547583404348,[0.07551482],[0.00303916]
1.3486884349617518,1.3478919514974554,[0.07455354],[0.00294928]
1.3504490848330046,1.349652949944186,[0.07363218],[0.00286541]
1.352187323735839,1.3513917747193795,[0.0727225],[0.00278996]
1.3539561614591211,1.3531614431569545,[0.07179673],[0.00271957]
1.355651896740735,1.3548581789077911,[0.07090917],[0.00265715]
1.3573262442960639,1.3565336909566212,[0.07003276],[0.00259956]
1.3590302259176765,1.358239026012285,[-0.32347017],[-5.68263663]
1.360663879869344,1.359874132685556,[-0.32434361],[-5.68242142]
1.3625208881657631,1.3617308772908434,[-0.32505051],[-5.6855477]
1.3647795461201433,1.3639805471624347,[-0.32453761],[-5.70552373]
1.3670518179631794,1.3662136496579054,[-0.32063325],[-5.76471638]
1.369156984690992,1.3681983796310568,[-0.31345399],[-5.8577839]
1.3712004340691675,1.3700565605968091,[-0.30407801],[-5.97007403]
1.3730949550558669,1.3717250249254935,[-0.29220457],[-6.10101378]
1.3747433398697868,1.37306791902899,[-0.27636956],[-6.25902104]
1.3762371886412814,1.3741577800341003,[-0.25593941],[-6.44154526]
1.3777451764474704,1.3751500683957012,[-0.23357247],[-6.61933552]
1.379373487023818,1.3761123621391997,[-0.20762087],[-6.79945524]
1.3810998345657142,1.376998489480225,[-0.17403701],[-6.9939192]
1.3827793518248332,1.3777030402093724,[-0.14146882],[-7.14503223]
1.3848090951448273,1.3783999761603218,[-0.11285703],[-7.25006907]
1.3876137624096074,1.3791762410752366,[-0.08386876],[-7.33114497]
1.3911391811919744,1.3799283789110994,[-0.05539748],[-7.38633802]
1.3950533722197067,1.3805175561997056,[-0.02241942],[-7.41975701]
1.3991593408549852,1.380827227075052,[0.01835563],[-7.41654623]
1.4030537705439774,1.380789103196345,[0.06310998],[-7.35685959]
1.4066168804866053,1.3804223739298063,[0.1113448],[-7.22561106]
1.4099823542751215,1.379719485194692,0.15,[-7.00209187]
1.4131841785330719,1.3786649399711686,0.15,[-6.68346223]
1.4165051694659065,1.3771142715729836,0.15,[-6.25125691]
1.4200368450636525,1.3748826069501525,0.15,[-5.67360078]
1.4233167823083737,1.3721567944080455,0.15,[-4.97054498]
1.4261072936757218,1.3691180298648338,0.15,[-4.12944839]
1.4284434384963955,1.3656219355060308,0.15,[-3.15455909]
1.4303607693223248,1.3614292269897204,0.15,[-2.14157669]
1.431844920559763,1.3562731541467585,0.15,[-1.08884432]
1.4326115894946803,1.3505610340301897,0.15,[-0.03405546]
1.4326022919147916,1.3449739308079645,0.15,[0.91090293]
1.4320148596293933,1.3394275591359626,0.15,[1.76520843]
1.430926554617523,1.3336926675631222,0.15,[2.55690537]
1.4293313471192701,1.3283495048409348,0.15,2.6
1.427159350147201,1.3234884561966629,0.15,2.6
1.4244975579769132,1.3190615987700638,0.15,2.6
1.421803973644826,1.315219403441373,0.15,2.6
1.4191003023805742,1.311767325425005,0.15,2.6
1.4163841680987614,1.3085601556602646,0.15,2.6
1.4138371213399048,1.3056883256147784,0.15,2.6
1.4113530701426884,1.302929745998402,0.15,2.6
1.4088586587709246,1.3001196188409931,0.15,2.6
1.4065225142225584,1.2973688886568502,0.15,2.6
1.4043363031264473,1.2945981705196195,0.15,2.6
1.4023181467118226,1.2917547106723721,0.15,2.6
1.4006503406963546,1.2890571626366272,0.15,2.6
1.3991932056488416,1.28627454573459,0.15,2.6
1.3979017363414419,1.2833043416942598,0.15,2.6
1.3968159786644925,1.2802020241147303,0.15,[2.52498942]
1.3958968001875174,1.276766175411659,0.15,[2.02529256]
1.3951550183949264,1.2727096915710372,0.15,[1.47363581]
1.3947314612233068,1.268493475430209,0.15,[0.96648019]
1.3946022261718751,1.2641472820504287,0.15,[0.53737968]
1.394734233900592,1.2595081827752714,0.15,[0.18984242]
1.395075762456537,1.2548525366089156,0.15,[-0.05963322]
1.3955863332699066,1.2499846864226558,0.15,[-0.22483933]
1.3962483424918966,1.2446712064907992,0.15,[-0.31767796]
1.3969859521407701,1.2391795423781546,0.15,[-0.35270665]
1.39776980570561,1.2334588087541378,0.15,[-0.35433711]
1.3985652708467329,1.2276108841422442,0.15,[-0.33953158]
1.3992953967664743,1.2221036776120608,0.15,[-0.30858313]
1.3999593797856174,1.2168531925788597,0.15,[-0.25782697]
1.4005664566638458,1.211667294907549,0.15,[-0.18818406]
1.4011012893867618,1.2066807100615593,0.15,[-0.13269867]
1.4015969019811019,1.201702994558904,0.15,[-0.09129844]
1.402077490029609,1.196588853632779,0.15,[-0.0617088]
1.4025237171713838,1.1916357027798272,0.15,[-0.04225146]
1.4029565433225588,1.186689323571879,0.15,[-0.0292557]
1.4033931129583015,1.1815974032197971,0.15,[-0.02019033]
1.4038106258998377,1.1766576838077896,0.15,[-0.01414863]
1.404223940520345,1.1717194814031737,0.15,[-0.0100101]
1.404646785859388,1.1666323327197292,0.15,[-0.00704375]
1.4050551689435287,1.1616949476121567,0.15,[-0.00501913]
1.4054621701219268,1.156757394013423,0.15,[-0.00360095]
1.405880505387674,1.1516697713904862,0.15,[-0.00256169]
1.4062858464010959,1.1467313140015063,0.15,[-0.00182715]
1.406690673715478,1.1417926988513964,0.15,[-0.00126399]
1.4071073105503848,1.1367045093018793,0.15,[-0.00078395]
1.4075112148036948,1.131766823617115,0.15,[-0.00039514]
1.4079148000024762,1.126832000023158,0.15,[2.45980493e-05]
1.4083292168588506,1.1217557703191454,0.15,[0.00085201]
1.408731649554943,1.1168230072800396,0.15,[0.00069597]
1.4091327500471997,1.111922050101272,0.15,[-0.0015006]
1.4095457944977965,1.106907722154236,0.15,[-0.00598797]
1.4099530853149413,1.1019929981553216,0.15,[-0.00675086]
1.4103611267466625,1.097063258154955,0.15,[-0.00573509]
1.410780649652849,1.0919832268546048,0.15,[-0.00454592]
1.4111869652812998,1.0870521060766614,0.15,[-0.00357951]
1.411592603167969,1.0821204330995473,0.15,[-0.00282673]
1.4120099987673358,1.0770386502463947,0.15,[-0.00222499]
1.4124147213421956,1.0721056358896435,0.15,[-0.00176884]
1.4128191552651816,1.067171855801392,0.15,[-0.00140993]
1.4132356138294189,1.0620877577901198,0.15,[-0.00111576]
1.4136396588717772,1.0571523478448512,0.15,[-0.00088591]
1.4140435848309119,1.0522160706297075,0.15,[-0.00069969]
1.4144596593224383,1.0471292865453803,0.15,[-0.00054015]
1.4148634168487062,1.0421914048511713,0.15,[-0.00039718]
1.415267071233191,1.0372532164855257,0.15,[-0.00024094]
1.4156827721324556,1.0321654516663568,0.15,[-5.91597812e-05]
1.4160859926012412,1.0272283682303203,0.15,[0.0001182]
1.416489005555536,1.0222957018294436,0.15,[0.00048467]
1.4169030653449988,1.0172171065167432,0.15,[0.00086468]
1.4173050368370952,1.012289326120636,0.15,[0.00053682]
1.41770499634396,1.0074052261939963,0.15,[-0.0024345]
1.4181194589997697,1.0023828324328485,0.15,[-0.00598751]
1.4185273857965122,0.9974577895909703,0.15,[-0.00590397]
1.4189350941546963,0.9925276737631364,0.15,[-0.00497521]
1.4193543135180358,0.9874476644696759,0.15,[-0.00404752]
1.4197604700247302,0.982516504290355,0.15,[-0.00330027]
1.4201660531812166,0.9775847248660519,0.15,[-0.00270087]
1.4205834561961017,0.9725027777124443,0.15,[-0.00220174]
1.4209882192439878,0.9675695571950607,0.15,[-0.00180639]
1.4213927022629318,0.9626355372085665,0.15,[-0.0014816]
1.4218092068480446,0.9575511761776053,0.15,[-0.00120553]
1.422213284495561,0.9526154901138797,0.15,[-0.00098198]
1.4226172262801609,0.9476789267553734,0.15,[-0.00079507]
1.423033295553135,0.9425918614321719,0.15,[-0.00062975]
1.4234370199625899,0.9376538097631363,0.15,[-0.00047516]
1.4238406083819481,0.9327155267857992,0.15,[-0.00030734]
1.424256180105651,0.9276278821286906,0.15,[-0.00012306]
1.424659381493416,0.9226912482375847,0.15,[5.50549558e-05]
1.4250618927741714,0.9177613044070626,0.15,[0.00055345]
1.4254760067720456,0.9126797129673503,0.15,[0.00066829]
1.4258775263972372,0.9077596483961792,0.15,[5.5362044e-05]
1.4262769619613591,0.9028881072157919,0.15,[-0.00326651]
1.4266933313498869,0.8978504276406755,0.15,[-0.00554318]
1.427101276113795,0.8929205619068876,0.15,[-0.0050891]
1.4275086219288904,0.8879904352183415,0.15,[-0.00432959]
1.4279275767197228,0.8829104179944021,0.15,[-0.00362625]
1.4283335983386807,0.8779791919141314,0.15,[-0.00305355]
1.428739133395635,0.8730472893452733,0.15,[-0.00257838]
1.4291565407103597,0.8679651711135137,0.15,[-0.00216718]
1.429561338064992,0.8630317407756127,0.15,[-0.0018284]
1.429965862801704,0.858097493557462,0.15,[-0.00154015]
1.4303824107372831,0.8530128714897078,0.15,[-0.00128685]
1.430786519562282,0.8480769150554476,0.15,[-0.00107524]
1.4311904780739513,0.8431400709683274,0.15,[-0.00089322]
1.4316065432531313,0.8380527441354297,0.15,[-0.00072671]
1.4320102336094993,0.8331145490452019,0.15,[-0.00056505]
1.432413749682734,0.8281762045419703,0.15,[-0.00039115]
1.4328291879791168,0.8230887578178846,0.15,[-0.000209]
1.433232359701003,0.8181528012603649,0.15,[-2.20716252e-05]
1.433634312852281,0.8132253987994873,0.15,[0.00054876]
1.4340483998782398,0.8081425888613408,0.15,[0.00053057]
1.4344493077063842,0.8032333379107063,0.15,[-0.00061532]
1.4348490628703143,0.7983662959756707,0.15,[-0.00373713]
1.43526720168524,0.7933095386037863,0.15,[-0.00474842]
1.4356746840670207,0.7883798741118624,0.15,[-0.0042991]
1.4360816167606418,0.7834498454729517,0.15,[-0.00374088]
1.4365002934234816,0.7783697990704432,0.15,[-0.00322888]
1.4369061596910278,0.7734384869651076,0.15,[-0.00280047]
1.4373116181752903,0.7685064498259877,0.15,[-0.00243194]
1.4377289984609096,0.763424157881712,0.15,[-0.00210141]
1.4381338016987166,0.7584905177972988,0.15,[-0.0018191]
1.438538344499278,0.7535560506975137,0.15,[-0.00157149]
1.4389549163041402,0.7484711697774558,0.15,[-0.00134706]
1.4393590436955785,0.743534945802979,0.15,[-0.00115416]
1.439763009518711,0.7385978250828446,0.15,[-0.00098356]
1.4401790627020499,0.7335102694237989,0.15,[-0.00082145]
1.4405827116409162,0.7285719480930478,0.15,[-0.0006594]
1.4409861413467917,0.7236335834634777,0.15,[-0.00048668]
1.4414014406067566,0.7185464216113419,0.15,[-0.00031141]
1.4418045029188322,0.7136116235537048,0.15,[-9.76672635e-05]
1.4422060224965727,0.7086850226803291,0.15,[0.00039641]
1.4426199852297021,0.7036035436511455,0.15,[0.00027162]
1.4430200648409586,0.6987097537277535,0.15,[-0.00136441]
1.443420872369512,0.6938382777292662,0.15,[-0.00385752]
1.443840017751701,0.6887678306280077,0.15,[-0.00408183]
1.4442471291157404,0.6838384347064818,0.15,[-0.00369397]
1.4446537619064919,0.678908368152105,0.15,[-0.00328777]
1.4450722365006645,0.6738282489499279,0.15,[-0.00291507]
1.4454779955795234,0.668896820898201,0.15,[-0.00259439]
1.445883405337006,0.663964631087139,0.15,[-0.00230915]
1.4463007756953081,0.6588821564305598,0.15,[-0.00204512]
1.4467055948776795,0.6539482997717189,0.15,[-0.00181223]
1.4471101637528485,0.6490136128156934,0.15,[-0.00160272]
1.447526765501533,0.643928473921648,0.15,[-0.00140753]
1.4479309179862785,0.6389919844869273,0.15,[-0.00123553]
1.4483348971105567,0.6340545949970887,0.15,[-0.00107938]
1.4487509426668035,0.6289668426102324,0.15,[-0.00092519]
1.449154553068782,0.6240284126656441,0.15,[-0.00076789]
1.44955788811104,0.6190901065906668,0.15,[-0.00060325]
1.4499731098189192,0.6140032946107912,0.15,[-0.00043767]
1.4503758202290185,0.60907049910183,0.15,[-0.00017003]
1.4507772404261257,0.6041419234039319,0.15,[0.0001107]
1.4511909426715872,0.599065943387617,0.15,[-9.12645731e-05]
1.4515901203226351,0.5941870887919065,0.15,[-0.00196348]
1.4519925763253168,0.5893039121030089,0.15,[-0.00363099]
1.4524120210228588,0.5842261990045438,0.15,[-0.00350578]
1.452818824992049,0.5792964856334041,0.15,[-0.00319439]
1.4532252021847234,0.5743663640096175,0.15,[-0.00290758]
1.4536435031405786,0.5692861409920293,0.15,[-0.00264156]
1.4540491653682888,0.5643545761097271,0.15,[-0.00240588]
1.4544545273494933,0.5594222221039385,0.15,[-0.00218962]
1.454871884934031,0.5543395531767193,0.15,[-0.00198351]
1.4552767130034299,0.54940548476411,0.15,[-0.00179669]
1.4556813043026846,0.544470568469634,0.15,[-0.00162438]
1.4560979311893383,0.5393851703233803,0.15,[-0.00145988]
1.4565021056162804,0.5344484157179135,0.15,[-0.00131162]
1.4569060957084723,0.5295107674385692,0.15,[-0.00117347]
1.457322137022384,0.5244228898213464,0.15,[-0.00104512]
1.4577257273519195,0.5194843793233359,0.15,[-0.00089881]
1.4581289804350281,0.5145462094694867,0.15,[-0.00074763]
1.4585442220051539,0.5094598496977858,0.15,[-0.00059459]
1.4589464409037611,0.5045297979760061,0.15,[-0.00027211]
1.4593479323153067,0.4995982286124114,0.15,[-0.00017303]
1.459761038901656,0.49453199771276124,0.15,[-0.00054524]
1.4601600342461367,0.489661956073947,0.15,[-0.00232653]
1.4605642913293977,0.48476170464719764,0.15,[-0.00316057]
1.4609834889406859,0.479681905796615,0.15,[-0.00297055]
1.461389929050719,0.47475234769630925,0.15,[-0.0027597]
1.4617960460727404,0.46982214931407595,0.15,[-0.00256763]
1.4622141591254174,0.46474180321280534,0.15,[-0.00238464]
1.4626197000334333,0.4598100900280588,0.15,[-0.00221764]
1.463024984619615,0.4548775672140128,0.15,[-0.00205998]
1.463442297949799,0.4497946980884804,0.15,[-0.0019056]
1.4638471037072043,0.44486042447553986,0.15,[-0.00176244]
1.4642516889433872,0.4399252789467998,0.15,[-0.00162734]
1.4646683161846188,0.43483962786330194,0.15,[-0.00149543]
1.465072490476118,0.4299026139467647,0.15,[-0.00137411]
1.4654764720051947,0.4249647271885977,0.15,[-0.00125805]
1.4658924751244766,0.4198766724856299,0.15,[-0.00113484]
1.4662959775163389,0.41493811630400695,[0.14920272],[-0.00100662]
1.4666990876204216,0.41000016487007174,[0.14736961],[-0.00087783]
1.4671118355658261,0.40494460756353895,[0.14549283],[-0.00063741]
1.4675084160973397,0.40008278044554585,[0.14368798],[-0.00088137]
1.4678977870455492,0.39530883820506996,[0.14191575],[-0.00098566]
1.468295531674078,0.39044395448010405,[0.14010973],[-0.00102911]
1.4686756396736975,0.38579832483228765,[0.13838509],[-0.00141477]
1.4690526859202173,0.3811919156904955,[0.13667502],[-0.00133125]
1.4694360811084504,0.37650541184636876,[0.13493523],[-0.00125527]
1.4698034278584682,0.3720137164867153,[0.13326775],[-0.00121189]
1.4701660588582057,0.3675786339839566,[0.1316213],[-0.00117367]
1.4705350300464797,0.3630650474234654,[0.1299457],[-0.0011334]
1.4708886951038644,0.3587376564566383,[0.12833923],[-0.00109293]
1.4712378309125036,0.35446462571283543,[0.12675294],[-0.00105124]
1.4715930568799531,0.3501158813055667,[0.12513855],[-0.00100713]
1.4719335344115232,0.3459465206608817,[0.12359075],[-0.00096476]
1.4722696505370847,0.3418294020803063,[0.12206235],[-0.00092084]
1.472611620765448,0.3376393432186652,[0.12050688],[-0.0008771]
1.4729393969420954,0.3336219921072085,[0.11901552],[-0.00083491]
1.4732629775094992,0.32965483763327535,[0.1175428],[-0.00079078]
1.4735921909596972,0.32561730749458084,[0.11604396],[-0.00074657]
1.473907733743967,0.3217461593075529,[0.11460688],[-0.0007025]
1.4742192041349917,0.3179237430135779,[0.1131879],[-0.00065376]
1.474536036785438,0.3140341126075084,[0.11174397],[-0.00059798]
1.4748395931188973,0.3103057544314521,[0.11035992],[-0.00054022]
1.4751391291827618,0.30662488652565983,[0.1089935],[-0.00049518]
1.4754437040242887,0.3028827424345749,[0.10760433],[-0.00039691]
1.475736818258509,0.2992823202054138,[0.10626776],[-0.00062492]
1.4760261410777933,0.2957325983182582,[0.10495],[-0.00075346]
1.47631874730307,0.2921406486564208,[0.10361658],[-0.00081439]
1.4766002655196733,0.28869329429697643,[0.10233681],[-0.00083659]
1.4768760221881165,0.2853221874635475,[0.1010853],[-0.00138649]
1.4771588342679831,0.2818777937509205,[0.09980657],[-0.00169586]
1.477431683959432,0.27855514113885416,[0.09857306],[-0.00161293]
1.4777008352242826,0.2752755151334513,[0.09735552],[-0.00153904]
1.4779744982967162,0.27193936690750653,[0.096117],[-0.00148829]
1.4782367435152979,0.2687411229517396,[0.09492968],[-0.0014445]
1.4784955894894138,0.26558325674697547,[0.09375736],[-0.00140376]
1.4787589309731461,0.26236950273607706,[0.09256429],[-0.00136313]
1.4790113232302038,0.2592883526530454,[0.09142044],[-0.00132422]
1.4792604588721086,0.25624595352923657,[0.09029099],[-0.00128538]
1.4795139247502775,0.2531496263609057,[0.08914152],[-0.00124536]
1.4797568509865475,0.25018101017097666,[0.08803946],[-0.0012065]
1.4799966400163507,0.24724969731406246,[0.08695126],[-0.00116776]
1.4802405938731402,0.2442663985552705,[0.08584375],[-0.00112796]
1.480474402109867,0.24140612316566573,[0.08478193],[-0.00108946]
1.4807051913340077,0.23858176160587669,[0.08373343],[-0.00105118]
1.4809399886892591,0.23570727950596643,[0.08266633],[-0.00101208]
1.4811650199124133,0.2329513024171286,[0.08164323],[-0.00097444]
1.4813871438882038,0.23022990490980427,[0.08063297],[-0.00093724]
1.4816131244379855,0.22746019340998663,[0.07960477],[-0.00089947]
1.481829704871582,0.22480465522739312,[0.07861896],[-0.0008633]
1.4820434845841601,0.22218243907001875,[0.07764552],[-0.00082765]
1.4822609704313352,0.21951371116201546,[0.07665482],[-0.00079107]
1.4824693991423843,0.21695513150828172,[0.07570501],[-0.00075459]
1.4826751100616702,0.21442891922556076,[0.07476722],[-0.00071587]
1.4828843536380227,0.2118582202374628,[0.07381292],[-0.00067313]
1.4830848399502063,0.20939394370043715,[0.07289813],[-0.00062885]
1.4832826462191568,0.2069612047526901,[0.07199504],[-0.00058306]
1.4834837885948946,0.2044859778665218,[0.07107619],[-0.00053955]
1.483676402034143,0.20211453625207773,[0.07019587],[-0.00048844]
1.483866340700062,0.19977627250690588,[0.06932787],[-0.00040097]
1.4840600955838645,0.1973906137818562,0.15,[-0.65106008]
1.4842458848231057,0.19510067411957305,0.15,[-0.65168565]
1.484414457594918,0.19277658602505526,0.15,[-0.6498008]
1.4846000092737568,0.19030976179820716,0.15,[-0.6624221]
1.4848141157135017,0.18779626915849887,0.15,[-0.69172807]
1.4850579431293662,0.18503785872536352,0.15,[-0.72504269]
1.4853372412951817,0.18195282400866816,0.15,[-0.73705932]
1.4856342134031073,0.17866974978736075,0.15,[-0.71063461]
1.485946266101299,0.17499979395865717,0.15,[-0.64197515]
1.4862674286846373,0.1707081070468205,0.15,[-0.52713253]
1.4865509612177261,0.16596713936469265,0.15,[-0.37459825]
1.486764261013235,0.16088428109708763,0.15,[-0.21700673]
1.4869025888299674,0.15543278269107122,0.15,[-0.09294965]
1.486979632504663,0.15019800282188084,0.15,[-0.02798933]
1.487026735774899,0.14519595713519615,0.15,[0.00188121]
1.4870631395376401,0.14008159864788244,0.15,[0.01155645]
1.4870956423414174,0.13512806513338665,0.15,[0.01140145]
1.4871289066430267,0.13017731179718248,0.15,[0.00829735]
1.4871650232015103,0.12507709277603504,0.15,[0.00503526]
1.4872016170267897,0.12012843834124512,0.15,[0.00247365]
1.487239819659291,0.11520415588063442,0.15,[-0.00167754]
1.4872820492631507,0.11014479544253013,0.15,[-0.00674753]
1.4873252803745425,0.10520284204325384,0.15,[-0.00743513]
1.4873681619030672,0.10025356083401529,0.15,[-0.00599488]
1.487411705806851,0.09515454054645506,0.15,[-0.00423486]
1.487452786041349,0.09021045572446607,0.15,[-0.00229207]
1.4874927666797282,0.0852633575618807,0.15,[-0.00115806]
1.4875334755353093,0.08016680426039814,0.15,[-0.00045042]
1.4875726607491788,0.07521955412960842,0.15,[-8.52369458e-05]
1.487611685873052,0.07027201113046858,0.15,[0.0001277]
1.4876517961413558,0.06517381238033111,0.15,[0.00026251]
1.4876906646415444,0.060224766463200644,0.15,[0.00035366]
1.4877294904026435,0.055274894789953725,0.15,[0.00042799]
1.4877694564313464,0.05017414438581783,0.15,[0.00049971]
1.4878082068931422,0.04522254493409499,0.15,[0.00056984]
1.4878469184321155,0.04027010833561827,0.15,[0.00064061]
1.487886757847934,0.03516686090509687,0.15,[0.00070351]
1.487925376111456,0.030213668749262415,0.15,[0.00069901]
1.4879640033286003,0.025260899932425876,0.15,[0.00059081]
1.4880038323046423,0.020159057602254594,0.15,[0.00033154]
1.488042677046203,0.015211867761707723,0.15,[-0.00038574]
1.488082869529867,0.01029805891087292,0.15,[-0.00412847]
1.4881265341732817,0.0052388051651674865,0.15,[-0.00820821]
1.4881704883348474,0.00029173046961596203,0.15,[-0.00775393]
1.4882136920111846,-0.004657953533616591,0.15,[-0.00600722]
1.4882575327538854,-0.009756928192671937,0.15,[-0.00424193]
1.488298569025856,-0.014699616028149521,0.15,[-0.00225171]
1.4883387022842451,-0.01964809991619251,0.15,[-0.00131008]
1.4883795118817422,-0.024745263291857354,0.15,[-0.00070194]
1.4884187970711278,-0.02969263035671954,0.15,[-0.00030149]
1.4884578804848365,-0.03464044267297643,0.15,[-2.84081437e-05]
1.4884980031215702,-0.039738928807208175,0.15,[0.00016285]
1.4885368477623988,-0.044688249856149005,0.15,[0.00029541]
1.4885756254032603,-0.049638387458854176,0.15,[0.00039717]
1.4886155216499997,-0.05473940553817741,0.15,[0.00048585]
1.4886541936619737,-0.05969125612242678,0.15,[0.00056563]
1.4886928185715727,-0.06464392306807776,0.15,[0.00064058]
1.4887325584751143,-0.06974726411498251,0.15,[0.00069506]
1.4887710881934877,-0.07470036912322392,0.15,[0.0006721]
1.4888096401821254,-0.07965293886106087,0.15,[0.00054443]
1.4888493821978563,-0.08475420671126009,0.15,[0.00024538]
1.488888395354492,-0.08969661351415327,0.15,[-0.00084252]
1.4889286954926177,-0.09460162451218117,0.15,[-0.00509587]
1.4889733141357977,-0.09967190359162281,0.15,[-0.00779166]
1.4890170382301828,-0.10462248969460076,0.15,[-0.00682698]
1.48906002505842,-0.10957197914865978,0.15,[-0.0053002]
1.4891036501786712,-0.11467005477909907,0.15,[-0.00379052]
1.489144438065698,-0.11961274668057802,0.15,[-0.00211436]
1.4891845951295248,-0.12456142275133744,0.15,[-0.00135277]
1.4892254427380547,-0.12965881876437052,0.15,[-0.00082075]
1.4892647651917166,-0.13460630630152065,0.15,[-0.00042462]
1.4893038664958211,-0.13955436573911897,0.15,[-0.00013648]
1.4893439814326521,-0.14465312043096332,0.15,[7.7671819e-05]
1.4893827955578989,-0.1496027071973826,0.15,[0.0002327]
1.489421523709829,-0.1545531066876594,0.15,[0.00035338]
1.4894613512016617,-0.15965439753040522,0.15,[0.00045669]
1.4894999430486076,-0.164606500251678,0.15,[0.00054707]
1.4895384773638358,-0.16955939181003535,0.15,[0.00062795]
1.4895781118858435,-0.17466276030542124,0.15,[0.00067341]
1.4896165497343035,-0.17961575538003596,0.15,[0.00063593]
1.4896550131922908,-0.18456807796494779,0.15,[0.00049189]
1.489694665404956,-0.18966840970688695,0.15,[0.00013399]
1.4897338382390677,-0.19460161049420013,0.15,[-0.00161482]
1.4897748595902107,-0.19950347593712195,0.15,[-0.00577983]
1.4898198220545218,-0.204586977450757,0.15,[-0.00702987]
1.4898633293687102,-0.20953643127332355,0.15,[-0.00607219]
1.489906241871601,-0.21448553319900576,0.15,[-0.00480999]
1.4899496063304702,-0.2195821734416705,0.15,[-0.00344656]
1.4899903810888264,-0.22452695372170556,0.15,[-0.00219344]
1.4900305883041758,-0.2294747087611138,0.15,[-0.00146347]
1.490071479359413,-0.2345719977777924,0.15,[-0.00091868]
1.4901108280869417,-0.23951968081398778,0.15,[-0.00051777]
1.490149930183436,-0.24446798251964985,0.15,[-0.00022399]
1.4901900251591003,-0.24956700218752823,0.15,[7.31844965e-07]
1.4902288008833493,-0.2545168513242238,0.15,[0.00016888]
1.4902674737499324,-0.259467515854953,0.15,[0.0003022]
1.4903072266726893,-0.26456907671631813,0.15,[0.00041763]
1.4903457325766711,-0.2695214286547879,0.15,[0.00051725]
1.4903841679109768,-0.2744745204444546,0.15,[0.0006024]
1.4904236909736894,-0.2795778582240502,0.15,[0.00063785]
1.4904620313241388,-0.2845307154844438,0.15,[0.00058853]
1.4905003887105865,-0.2894827226163481,0.15,[0.00042891]
1.4905399691909105,-0.29458134669150143,0.15,[-3.09485635e-05]
1.4905795968395215,-0.2995014962365726,0.15,[-0.00256161]
1.4906212448311948,-0.3044079905910095,0.15,[-0.00604745]
1.4906661953124094,-0.30950203031839324,0.15,[-0.00622341]
1.4907094003073025,-0.3144511554095802,0.15,[-0.00529148]
1.4907521905360699,-0.3194000595201244,0.15,[-0.00428035]
1.490795205769819,-0.3244942164405959,0.15,[-0.0029764]
1.4908359152627313,-0.32944154468488446,0.15,[-0.00213782]
1.4908760921685438,-0.33438845257397,0.15,[-0.00148863]
1.4909170060854362,-0.33948590239781345,0.15,[-0.00099283]
1.4909563771712928,-0.3444337719643876,0.15,[-0.00061327]
1.4909954875949776,-0.34938231406522047,0.15,[-0.00032392]
1.4910355728032443,-0.35448159928916256,0.15,[-9.27768938e-05]
1.4910743199714713,-0.3594317137143528,0.15,[8.649268e-05]
1.4911129438892567,-0.36438265016046256,0.15,[0.00023175]
1.491152626574472,-0.36948448265413447,0.15,[0.00035976]
