-1.9957296550313086e-05,4.145614025969305e-06,5.6029308444733894e-05
-1.9960509635939643e-05,4.164535252338229e-06,5.6327672258020076e-05
-1.996372273505801e-05,4.183456520618607e-06,5.662603675138839e-05
-1.996703321491787e-05,4.202951204478894e-06,5.693344330401715e-05
-1.997024634141885e-05,4.22187255784998e-06,5.723180917812555e-05
-1.9973459481409904e-05,4.240793953124825e-06,5.753017573220088e-05
-1.997677000338538e-05,4.2602887678481605e-06,5.783758440828929e-05
-1.9979983170752974e-05,4.27921024818109e-06,5.813595234261241e-05
-1.9983196351614115e-05,4.298131770454138e-06,5.843432095745373e-05
-1.9986506915699136e-05,4.317626716023499e-06,5.8741731756745644e-05
-1.9989720123942886e-05,4.336548323371964e-06,5.904010175209795e-05
-1.9992933345673244e-05,4.355469972612853e-06,5.933847242724601e-05
-1.9996243951868678e-05,4.37496504900101e-06,5.964588534933315e-05
-1.9999457200985983e-05,4.393886783331282e-06,5.9944257405206187e-05
-2.000267046358903e-05,4.412808559570755e-06,6.024263014112928e-05
-2.0005981111897476e-05,4.432303766819309e-06,6.0550045186642325e-05
-2.000919440188747e-05,4.451225628147164e-06,6.084841930327721e-05
-2.0012407705369273e-05,4.470147531396202e-06,6.11467941001434e-05
-2.0015718395791603e-05,4.489642869479487e-06,6.145421126869613e-05
-2.0018931726653415e-05,4.508564857776292e-06,6.175258744566014e-05
-2.0022145071005304e-05,4.527486887994872e-06,6.205096430286751e-05
-2.0025455803538046e-05,4.546982356908046e-06,6.235838359438887e-05
-2.0028669175275148e-05,4.565904472204064e-06,6.265676183214288e-05
-2.0031882560502326e-05,4.5848266294345885e-06,6.295514075033316e-05
-2.0035193335149817e-05,4.604322229212057e-06,6.326256216534568e-05
-2.003840674776134e-05,4.62324447151149e-06,6.356094246395523e-05
-2.0041620173856002e-05,4.642166755711679e-06,6.385932344249177e-05
-2.0044930990617375e-05,4.661662486317629e-06,6.416674698045527e-05
-2.004814444410679e-05,4.68058485561728e-06,6.446512933987476e-05
-2.005135791108021e-05,4.699507266813074e-06,6.476351237915087e-05
-2.0054668769954598e-05,4.719003128260138e-06,6.507093804025943e-05
-2.0057882264318434e-05,4.737925624565628e-06,6.536932246057586e-05
-2.006109577216888e-05,4.756848162783845e-06,6.566770756099973e-05
-2.0064406673161485e-05,4.776344155101959e-06,6.597513534570765e-05
-2.0067620208403213e-05,4.795266778406827e-06,6.627352182682437e-05
-2.0070833757132416e-05,4.8141894436311695e-06,6.6571908988153e-05
-2.0074144700238036e-05,4.8336855667822e-06,6.687933889588611e-05
-2.0077358276361125e-05,4.852608317102898e-06,6.717772743805471e-05
-2.0080571865969087e-05,4.871531109323163e-06,6.747611666013387e-05
-2.0083882851189457e-05,4.8910273633301714e-06,6.77835486912423e-05
-2.008709646819304e-05,4.909950240656718e-06,6.808193929431442e-05
-2.009031009868323e-05,4.928873159890519e-06,6.838033057741297e-05
-2.0093621126018348e-05,4.948369544726396e-06,6.868776473148846e-05
-2.0096834783895484e-05,4.967292549045043e-06,6.898615739525728e-05
-2.010004845525923e-05,4.98621559526968e-06,6.928455073903436e-05
-2.0103359524716903e-05,5.005712110981743e-06,6.959198701679615e-05
-2.0106573223467594e-05,5.024635242294696e-06,6.989038174129634e-05
-2.01097869357127e-05,5.0435584155311616e-06,7.018877714607136e-05
-2.0113098047288593e-05,5.06305506210022e-06,7.049621554723087e-05
-2.0116311786924114e-05,5.081978320422349e-06,7.079461233268972e-05
-2.011952554005058e-05,5.100901620659171e-06,7.109300979829147e-05
-2.0122836693743824e-05,5.120398398085465e-06,7.140045032285438e-05
-2.0126050474258105e-05,5.139321783413011e-06,7.169884916921772e-05
-2.0129264268258992e-05,5.158245210649758e-06,7.199724869564083e-05
-2.0132575464074792e-05,5.177742118934245e-06,7.230469134362321e-05
-2.0135789285473035e-05,5.196665631267129e-06,7.260309225089225e-05
-2.013900312036309e-05,5.215589185523424e-06,7.290149383843621e-05
-2.0142314358297976e-05,5.235086224664842e-06,7.320893860982138e-05
-2.014552822057411e-05,5.25400986399933e-06,7.350734157794079e-05
-2.014874209634119e-05,5.27293354526677e-06,7.380574522648079e-05
-2.0152053376396896e-05,5.292430715260794e-06,7.411319212120553e-05
-2.0155267279559595e-05,5.31135448161475e-06,7.441159715044696e-05
-2.015848119620977e-05,5.330278289875185e-06,7.471000285970972e-05
-2.0161792518380225e-05,5.349775590710224e-06,7.501745187760107e-05
-2.016500646242255e-05,5.368699484076471e-06,7.531585896785987e-05
-2.0168220419954953e-05,5.387623419370183e-06,7.561426673845744e-05
-2.017153178425577e-05,5.407120851088392e-06,7.592171788015369e-05
-2.0174745769179457e-05,5.4260448714665585e-06,7.622012703142539e-05
-2.0177959767595822e-05,5.444968933750741e-06,7.651853686271237e-05
-2.0181271174012257e-05,5.464466496305129e-06,7.682599012750552e-05
-2.0184485199817304e-05,5.483390643685848e-06,7.712440133964987e-05
-2.0187699239120234e-05,5.502314832991576e-06,7.742281323209724e-05
-2.0191010687662693e-05,5.521812526414628e-06,7.773026862048213e-05
-2.019422475435604e-05,5.540736800820909e-06,7.802868189385034e-05
-2.0197438834541198e-05,5.559661117130752e-06,7.832709584719678e-05
-2.0200750325202743e-05,5.579158941386496e-06,7.863455335862973e-05
-2.0203964432782655e-05,5.598083342795013e-06,7.89329686928702e-05
-2.020717855385091e-05,5.617007786124122e-06,7.923138470734823e-05
-2.0210490086636744e-05,5.636505741266619e-06,7.953884434265021e-05
-2.0213704235101486e-05,5.6554302696960736e-06,7.983726173804739e-05
-2.021691839705804e-05,5.674354840038631e-06,8.013567981357008e-05
0.0004445798567838371,5.877093581692634e-06,8.322434825317142e-05
0.0017633812917209868,5.962177933393903e-06,8.452961320251392e-05
0.003938237644388287,6.025115638438548e-06,8.549966432086033e-05
0.00706750186816052,5.994531959859672e-06,8.505347941788057e-05
0.010943022293098847,5.736956911084292e-06,8.116757109822027e-05
0.015590959019402145,5.04120938588369e-06,7.064242532655542e-05
0.021091495012980757,4.343441305891084e-06,6.0087185540351545e-05
0.026985992497681646,3.795355203320063e-06,5.179941337759173e-05
0.03326277845548283,3.4092373426256122e-06,4.5965566430668765e-05
0.0399297804306762,2.584446934151073e-06,3.3478266298541595e-05
0.04640759376084071,1.6862715988859003e-06,1.986113989670731e-05
0.05294793554808976,2.222650828522436e-06,2.799543315654112e-05
0.0597448381827307,2.1927829695009738e-06,2.1428525201744666e-05
0.06634048689990724,2.2611034992114185e-06,9.050471896834095e-06
0.07293700518940469,2.2673758407102123e-06,6.436341109008077e-07
0.07973439811457912,2.249124921133616e-06,5.0945311236555775e-08
0.08633292069425813,2.2959183472933445e-06,7.685613201631913e-07
0.09293254677404313,2.248128044748384e-06,5.438575946912743e-08
0.09973337243445964,2.191953318044416e-06,-2.894642246014468e-06
0.10633538960223676,2.133403706486237e-06,-8.60730800532741e-06
0.11293861836417649,2.0226832169370804e-06,-1.4932402101042543e-05
0.11974317926229747,1.8553037779612637e-06,-1.9203744620415307e-05
0.1263481746798012,1.7328606432300734e-06,-2.1045817174336512e-05
0.1329521091763201,1.655767371615185e-06,-2.219894946511074e-05
0.1397536859885302,1.3719083337980054e-06,-2.648945143778186e-05
0.14634054474259856,2.0908245577389877e-07,-4.410844998114758e-05
0.15289953192020903,4.668270003612992e-07,-4.019436317224904e-05
0.15969827307332074,2.9303620472946766e-07,-1.8958598038226193e-05
0.16629371803302984,2.85836354976786e-07,1.1528764435764633e-05
0.17288972597905508,4.933029084811e-07,2.0282003766700896e-05
0.17968656292819735,3.0233860143262637e-07,1.740039702096696e-05
0.18628455134055702,2.958388931254354e-07,1.0973304502690733e-05
0.19288362556310706,3.248946910884889e-07,3.5972274049976383e-06
0.1996838238476992,3.103920057387938e-07,-2.568581646699071e-06
0.20628516877253997,2.6089500967579456e-07,-6.713851948180159e-06
0.21288769003527228,1.7967086239674464e-07,-9.603559229797017e-06
0.2196915602716941,6.207859965382609e-08,-1.255887106946559e-05
0.22629643660494847,-8.765173813660023e-08,-1.538097090333317e-05
0.2329011285535196,-1.8438735124875235e-07,-1.6834430830691833e-05
0.23970434066883234,-2.6868430637926466e-07,-1.8098141368855602e-05
0.24630304740114753,-7.387582224850669e-07,-2.521713964780489e-05
0.25286920981436495,-1.3204962520377072e-06,-3.402872918094557e-05
0.2596526378834234,-1.22002681443268e-06,-3.249099964232106e-05
0.26624743403381435,-1.3509815285433799e-06,-1.1486544141798983e-05
0.27284292129642784,-1.3281939060100606e-06,9.96427744788359e-06
0.2796392546776273,-1.1784916414001683e-06,1.231369143936463e-05
0.2862366538023354,-1.370764272504559e-06,9.416781540278065e-06
0.2928350698363122,-1.444864836688255e-06,8.303707419030698e-06
0.2996345735892146,-1.4370737395324914e-06,8.067894003793715e-06
0.3062352588544203,-1.4112675904689398e-06,5.4727429092843894e-06
0.31283714201197155,-1.4141313758005056e-06,-2.3950936899836093e-07
0.3196403540984945,-1.473207220551822e-06,-7.73886996170028e-06
0.326244688684181,-1.593194243980061e-06,-1.4140074202981592e-05
0.3328497043845734,-1.6910973560134894e-06,-1.562050649253186e-05
0.3396538790297367,-1.6881297582521907e-06,-1.5559616584974492e-05
0.3462557502850249,-1.8784824778772256e-06,-1.8431621803172103e-05
0.3528464188851759,-2.911097049145895e-06,-3.407714590811162e-05
0.359602567699437,-2.815246039449757e-06,-3.261122447316061e-05
0.3661999798201588,-2.946361168924928e-06,-9.942467628503036e-06
0.37279550583302473,-2.882025130168114e-06,2.694097012124767e-05
0.37959130826999465,-2.5342034442465353e-06,3.542773876290748e-05
0.38618816357622143,-2.745350143749086e-06,2.5606446622185983e-05
0.39278614756831576,-2.668221620535016e-06,3.2361424711227717e-06
0.39958515047441534,-2.7191645529876924e-06,-1.2576848795932943e-05
0.4061851706138353,-2.7596009733137137e-06,-1.317899662525977e-05
0.4127862708762208,-2.652948643692332e-06,-1.1539714597052273e-05
0.41958864357567227,-2.746533664812007e-06,-1.2930568994677443e-05
0.42619219343085746,-2.9217449479644097e-06,-1.556197308115025e-05
0.43279687605247963,-3.0755202203686017e-06,-1.7869646300065797e-05
0.4396017183760786,-3.1838364308998286e-06,-1.948914265112909e-05
0.4462049731104188,-3.289440996528942e-06,-2.1070000774207836e-05
0.4528046687123751,-3.7928945304638988e-06,-2.869121760010624e-05
0.45957462226890344,-4.774398821784335e-06,-4.355988627071666e-05
0.46615212617602625,-4.610812960074987e-06,-4.1057714124437824e-05
0.4727478727156215,-4.799283522434634e-06,-1.115108543411232e-06
0.4795428993890389,-4.6451229198880145e-06,4.354204700426187e-05
0.4861391942336748,-4.303887383973535e-06,4.8750804237972306e-05
0.49273656297724766,-4.358436630912611e-06,2.9765476234064137e-05
0.49953504424381445,-4.271937271281768e-06,5.541126564822597e-07
0.5061345885055735,-4.3371543312897126e-06,-1.4766444237464843e-05
0.5127350956800353,-4.33760268016718e-06,-1.4759409220658569e-05
0.5195367758241931,-4.270194975025335e-06,-1.3711704983984089e-05
0.5261396265014272,-4.388294757458082e-06,-1.547373427356668e-05
0.5327436920035631,-4.566772009331644e-06,-1.8153158641155456e-05
0.5395487637618953,-4.725628117790805e-06,-2.053582276748715e-05
0.5461529204982042,-4.8349202579377715e-06,-2.217012740374846e-05
0.5527551180748971,-5.058295091381475e-06,-2.5538536398416148e-05
0.5595480699264838,-6.059499832766076e-06,-4.070388771116159e-05
0.5661048642963891,-6.258879680367085e-06,-4.3713679460720936e-05
0.5727005943152953,-6.461228451530488e-06,-2.5951110790470296e-05
0.5794957880378995,-6.4863096047948275e-06,1.8286309685456977e-05
0.5860915049891392,-6.200297734584317e-06,4.238021671176891e-05
0.5926882030675354,-6.1641629787803905e-06,4.293683159180288e-05
0.5994859532920749,-6.036064311861231e-06,2.8840588221904174e-05
0.6060848944555443,-5.920282685606007e-06,1.1430947116354186e-05
0.612684889610741,-5.896914872543609e-06,8.829972044619453e-07
0.6194859980683864,-5.917797906510058e-06,-8.699786593526953e-07
0.6260882389975665,-5.90055153978343e-06,-5.958364688648437e-07
0.6326917043520849,-5.95656066645623e-06,-1.430701433081994e-06
0.6394965148130927,-6.0585265620298445e-06,-3.2190704319929494e-06
0.6461013984308489,-6.121835209897037e-06,-4.225092058372226e-06
0.6527049472399852,-6.120717481905582e-06,-4.195314580474296e-06
0.6595052679583978,-6.3725831264433605e-06,-8.00524387300732e-06
0.6660807618294395,-7.093083211237295e-06,-1.892003057556169e-05
0.6726516331744702,-6.778670731453844e-06,-1.41506725079201e-05
0.6794486733303123,-6.72819228036864e-06,-2.7247909179220976e-06
0.6860440441857035,-6.674755983834661e-06,1.2976978928325287e-05
0.6926402996744082,-6.512558276814334e-06,1.615594386535058e-05
0.699437405261081,-6.604348881117365e-06,1.478550525214086e-05
0.7060356069540263,-6.6354814309099175e-06,1.4327845492502786e-05
0.7126348785854791,-6.607685177254466e-06,1.4760352838177498e-05
0.7194353060346705,-6.576214962020554e-06,1.4984429756755789e-05
0.7260369310227205,-6.507609690508024e-06,1.2109296439582119e-05
0.7326398411349357,-6.49628246187671e-06,-9.191812082464516e-07
0.7394441089442241,-6.591085165227567e-06,-1.408636601799448e-05
0.7460491133406549,-6.717515851500493e-06,-1.6087937798263186e-05
0.7526534075800664,-6.615447077252725e-06,-1.4524875873270183e-05
0.7594559246106846,-6.725052218372667e-06,-1.5937435246339495e-05
0.7660512573782889,-7.48976607242041e-06,-2.7252790196432758e-05
0.7726093687935752,-7.946462191212584e-06,-3.415999426510245e-05
0.7794021786068138,-8.009750293032157e-06,-2.2923788645517334e-05
0.7859971829164749,-8.032227739570558e-06,2.4597381627731154e-05
0.7925927716880666,-7.704817391146865e-06,5.4915255721618365e-05
0.7993892637888945,-7.668793650777959e-06,5.311510336413892e-05
0.8059871262283007,-7.446695195177059e-06,1.9066739871527587e-05
0.8125860917153873,-7.44925288779922e-06,-1.5622869696432808e-05
0.8193859336325695,-7.5988523044442594e-06,-2.18395245355852e-05
0.8259867699572192,-7.331860295377686e-06,-1.7765732821091566e-05
0.8325887478526397,-7.378403181252205e-06,-1.6139496581313083e-05
0.8393920609083592,-7.5364400587263e-06,-1.8497823659935462e-05
0.8459964691667635,-7.729179492590545e-06,-2.138581089758684e-05
0.8526012570100586,-7.894858967111021e-06,-2.295608549420753e-05
0.8594049220439998,-8.135252993628448e-06,-1.686646043470301e-05
0.8660057232295614,-8.46462268052377e-06,-1.4568418319107994e-05
0.8725867377715276,-9.631838099162061e-06,-3.2250752979472086e-05
0.8793516101244738,-9.253130534137765e-06,-2.6493905257388004e-05
0.8859496815516409,-9.3229581267182e-06,2.615333441748464e-06
0.8925448915932713,-9.196110045882307e-06,3.7831717941158175e-05
0.8993409102442772,-8.848077996637138e-06,4.333227025874237e-05
0.905938009732075,-8.964484065419897e-06,3.450321650555926e-05
0.9125362233325732,-8.812352686141833e-06,1.6861613777616683e-05
0.9193354878405492,-8.761576308712186e-06,3.5929828091755225e-06
0.9259358129940287,-8.764175868914395e-06,1.7660112378145735e-06
0.9325372387592,-8.676703553374889e-06,3.105365464939024e-06
0.939339963044234,-8.68699842552626e-06,2.966479685217515e-06
0.9459438718850959,-8.770477590605878e-06,1.7155767659061425e-06
0.9525488317013592,-8.84784100266559e-06,2.917103052503096e-07
0.9593534897078706,-8.851132703503672e-06,2.540514829064292e-07
0.9659562718453555,-8.843257635522587e-06,3.855358216785151e-07
0.9725533356102462,-9.25198433249392e-06,-5.804916461152068e-06
0.9793127316771213,-9.490068236596526e-06,-9.40800319462001e-06
0.9859034164842198,-9.328068958933495e-06,-6.937568854574005e-06
0.9924983507086891,-9.281776893062136e-06,8.762799750341181e-06
0.9992939021908287,-9.135366562687186e-06,2.259729277539311e-05
1.0058904609833812,-9.038101797981491e-06,2.4091954301290246e-05
1.012487973160965,-9.12083094256624e-06,2.2851622333259648e-05
1.0192864992937138,-9.070543454508498e-06,2.2836268047838292e-05
1.0258861949316516,-8.944846931388381e-06,2.10515218886131e-05
1.0324870539843312,-8.84053214847794e-06,1.5950311678316573e-05
1.0392891875835293,-8.7788543128894e-06,8.57208785369429e-06
1.0458924805036618,-8.778141932747181e-06,1.842739141297473e-06
1.0524969467586442,-8.83031999192308e-06,-2.288438252186934e-06
1.059302086044133,-8.882172470365896e-06,-3.1107571504890935e-06
1.0659059518307938,-8.853155099596576e-06,-2.657447435243067e-06
1.0725073412466064,-9.002967322311171e-06,-4.918084129215773e-06
1.079291914263023,-1.0002649273918975e-05,-2.0063672808615496e-05
1.0858529831910706,-9.515763549528012e-06,-1.2677186206050156e-05
1.0924516232835522,-9.517721308849113e-06,2.5465833797830496e-06
1.0992470049059477,-9.39820034592851e-06,2.05728293629226e-05
1.1058430912306976,-9.17847280911612e-06,2.462758591782677e-05
1.1124400677421329,-9.233844422416274e-06,2.3806863598182415e-05
1.11923797883011,-9.219403049747118e-06,2.4037857956220358e-05
1.1258370323806297,-9.135219733736342e-06,2.531794853493058e-05
1.1324372205757192,-8.99623220903939e-06,2.432562423252501e-05
1.139151080413894,8.930529968440346e-06,0.008620163337975328
1.1455484587877527,0.00011923877710683621,0.030214132455781955
1.1519354195949816,0.00038285624559939596,0.05348528497513983
1.15860588336061,0.0007972425142786234,0.06930507688828047
1.1652398749721675,0.0012756570692549444,0.0736021903287269
1.1720256874425365,0.0017689770756910547,0.0708781310270979
1.1791128165375042,0.002243593435902726,0.06401777427824211
1.1859836280535554,0.002637205717512198,0.05649735717384713
1.1928439554698518,0.0029970996689627763,0.04720008995402858
1.1999769737627508,0.003289106107066453,0.032362083692124344
1.2067536748714998,0.003456127378500272,0.01583269752944624
1.2133211468071086,0.003524574471184453,0.006299375651116859
1.2198477756801689,0.003567919198463682,0.009522432023777064
1.226056318194787,0.0036646677108078275,0.02479111701496724
1.2324742091557201,0.0038790200636908074,0.04330496785112273
1.2391467317042966,0.004208224354896838,0.05416100689518224
1.2456981572616812,0.004569684386829697,0.053557856260455096
1.2523603881924756,0.004891799082813438,0.03962567911443171
1.2593470787877645,0.005100402035852155,0.018428395156887333
1.2661613047625517,0.0051736572468082075,0.003838924596686663
1.2730366294633135,0.005178515816162178,-0.0012474146086753697
1.2802342758717002,0.0051702874363831796,0.00019407979310304425
1.2872825634300284,0.005177097492902555,0.004060346110912106
1.294232766889007,0.005214096526184119,0.009302947446806603
1.3012292567044226,0.005302013987460379,0.018153227743920867
1.3078728579308114,0.005463889341639333,0.033409450640620314
1.3144001042333968,0.0057285993062363445,0.047015200976077316
1.3210705813206052,0.006060356877118247,0.05050338441547247
1.3276372303331216,0.0063744037292387,0.04243748130956549
1.3343629886052804,0.006613818709425884,0.027358982998302
1.3412337481930285,0.006769359188582166,0.01876054313219237
1.347827247907273,0.006889887077223705,0.019254774560856346
1.3543557367527708,0.007035882338494115,0.02705484923971208
1.3610760325383833,0.007245540695227222,0.036007265831718184
1.3676327965443407,0.007496861649286785,0.040211184703606184
1.3742394127224038,0.007763009133961254,0.03890654539404921
1.3810942163800244,0.008011123935507743,0.03252133760193224
1.3877431527476218,0.008208931010264464,0.026721732195655077
1.3943551133563588,0.008364151195826796,0.021490062656233832
1.4010891211283336,0.008498101569242205,0.019189814158356418
1.4075304946800478,0.008629125484559127,0.02263436555916405
1.4140198298671574,0.008797410675305194,0.030168431517064137
1.4207533306139557,0.009020186192590443,0.036256159409780435
1.4273010377942983,0.009261107410248942,0.0354711443526543
1.433926362332656,0.009485631024183124,0.03202504020286137
1.4407496724069662,0.009694644921897018,0.02900631623334734
1.4473541915942674,0.009883482398425637,0.02822091302955098
1.4539423574050592,0.010072768414242086,0.029410629104206477
1.460726001886154,0.010278004138964616,0.031230469713784507
1.4673177488207587,0.010487071757062618,0.032257236706089105
1.47392024993135,0.010699950579610013,0.03217111899438397
1.4807282698530055,0.010916607212657897,0.031405982454073146
1.4873336483511745,0.011121840840782304,0.03071212590566711
1.4939210508306475,0.011322338350993751,0.03051213066148495
1.5006729762826523,0.011528311986920841,0.030996465406381703
1.507241499002103,0.011734113357012396,0.031526619586060976
1.5137827736202971,0.011949063706025395,0.035934357786786116
1.5204036366228961,0.012223908441779409,0.05012797482978079
1.526716832625133,0.012608122607824412,0.0758663812860595
1.5329251759657119,0.013184517267938688,0.11537589436564098
1.5391977834402355,0.01406615981358158,0.17164879339057984
1.5451049687296703,0.01527574742443402,0.24131424525468348
1.5507098486762287,0.016873410740844533,0.3242496915746834
1.556244353938953,0.018994330372887787,0.4154489004798361
1.561401206048262,0.021523382044025225,0.5038343108831556
1.5663549270588029,0.024524088979075032,0.5928948317007192
1.571160762373196,0.02806558493814078,0.6846906833626447
1.5754968629492043,0.03191114804882633,0.7738151975926946
1.5794340810671519,0.03606690843388571,0.8560010009146181
1.5831336189732477,0.04063850181899027,0.9287485243859779
1.5864507633340816,0.045346822942518565,0.98815241444057
1.5895905367869159,0.05037009035628603,1.0375921959251668
1.5927363891611495,0.05595921333161784,1.0794657495081774
1.5957328325941147,0.06177056072068559,1.1100114368430307
1.5986921733015265,0.06787873635651355,1.1280751376886173
1.6017548004012454,0.07438934120102243,1.1317201422887908
1.604805842450875,0.08081324399301815,1.1198296237115084
1.6079908191027639,0.08720466250940864,1.0929845638212148
1.6114350095831222,0.0935689556036287,1.0512913856349446
1.614893885493651,0.09931644267823533,1.0000030272339968
1.6184646825719238,0.10457015718182609,0.939429380705983
1.6224163786948524,0.10961901742700772,0.8656517084390174
1.626669874515212,0.11424858243386,0.7808807067903877
1.6315789318331715,0.11870513460129029,0.6857502888633211
1.6373907107927783,0.12302387165368009,0.585744159479511
1.6433896960149232,0.12671594343520756,0.4949723494159216
1.649569823605588,0.13000110815958374,0.41198522238717344
1.6561714350100003,0.13307714098654386,0.3333416255540816
1.6627344886119022,0.1355645524480895,0.26629355242246555
1.6693538869096216,0.13735021527939073,0.21137853675580973
1.676095194219958,0.1386536759483971,0.17026573392154543
1.6824750464673668,0.13967177557030866,0.14737446038202404
1.6886707086562884,0.14056678580456952,0.1423273107544193
1.694842987095774,0.14148016448373044,0.15591300407289843
1.7005988488750468,0.1424561593034435,0.18555376484541897
1.7060400974635894,0.1435825085561167,0.22966144225183588
1.7111707362877082,0.14491753247516403,0.2875236633520477
1.7155676496449441,0.14635197743559936,0.35279814296255385
1.7197345416925327,0.14803801134147337,0.4235223866742174
1.7241366900882105,0.15020935460453147,0.5003017462627278
1.728563543075859,0.15284232131658165,0.5802712791907044
1.7331065439616822,0.15608231683811077,0.666291114562326
1.7376468785924746,0.15997149204140684,0.7581378049831395
1.7416957413755503,0.16413105277962714,0.8473195105630207
1.7453512169991754,0.1686263786176682,0.9363529799828129
1.748676054902036,0.1735669402960909,1.0278927176273525
1.7514647853082066,0.17864672613264138,1.1169487266320712
1.7537915321735345,0.1839563615508118,1.20603292092098
1.755706501269474,0.18963587974142,1.288971491220363
1.7571786965326763,0.19540902290829645,1.3559235150215916
1.7583277475941443,0.2014184222745926,1.4093475181237682
1.75923922999816,0.2078427859902457,1.4508153957886016
1.759928198033394,0.21435349286498362,1.4795583281252562
1.760492331285665,0.22124238168986463,1.4982297936122768
1.7609963371394652,0.22869560196362906,1.5072624079371875
1.7614687059676213,0.2361192078287648,1.5056724067179952
1.7619882210154183,0.24355371113517957,1.4952353940271723
1.7626130430424014,0.2510176565780058,1.4778796947080417
1.7633347393134873,0.2579880819812827,1.4547138403403503
1.7642261761146758,0.26481669270877384,1.4226236224369695
1.7654183996697475,0.27184483874383447,1.3776361962508463
1.7669535051125982,0.2787511724316081,1.3208129763043999
1.7689780014163328,0.2857447030295024,1.2509872040116978
1.7716590271528034,0.2929164374116321,1.1675076452327942
1.7747715864604514,0.29964032414438696,1.0788290641284284
1.7781849245056554,0.30614767632737805,0.9909834062810947
1.7820494130295785,0.3124952911301238,0.9088031624795873
1.786135524156407,0.3180459787481618,0.8398284139897587
1.7904797396857115,0.3228328554531971,0.7827997914738463
1.7949982580998125,0.32713969876851223,0.7383331589849069
1.7992820904935019,0.33093017050414614,0.7100385540123523
1.8035185427858267,0.33451485342212517,0.6954825314694545
1.8078461196423385,0.3381157194605344,0.6950936187045536
1.8120024123795726,0.34161776692538953,0.7090930553133815
1.8160533060661288,0.3451765075550143,0.7376423286965409
1.8200441577142492,0.348940959589952,0.7811922352320242
1.823638782395656,0.35267377481621054,0.8349407985737906
1.826833433263643,0.3563867289865061,0.8968325451666832
1.8296450023873871,0.36013791379394455,0.9672969203859912
1.832142361635607,0.3640261092569134,1.039752356131271
1.8344898050240523,0.3683607428177169,1.1165605322048309
1.8367064082801703,0.37338515346046425,1.2015169341437217
1.8385555378532656,0.3787996571798706,1.2894779524615443
1.839938875904133,0.3844382088721824,1.3786102559015867
1.8408339372866673,0.3903548860349615,1.4704778797525881
1.8412012390055597,0.3962850967783735,1.5554088114658304
1.8410808872953306,0.402390347211801,1.6301676455247234
1.8405159906883035,0.4086771305169139,1.6937595128199388
1.839641230992872,0.41464207119225893,1.7409677572614592
1.8385601535830698,0.42038484472860477,1.77376640869834
1.8373337438706834,0.4260495235735698,1.7948556684746975
1.8361127209359562,0.4312541014985312,1.807006917515614
1.8349401926433857,0.43606680543554305,1.8114062755441325
1.8338009024418995,0.44073140647321624,1.8064923857612347
1.8327670843526025,0.44514239451343807,1.7910970815621952
1.8318264144399068,0.449572496198198,1.7633649120004589
1.8309971761141515,0.4542768158384748,1.7206071023645928
1.8303983036725067,0.4590310655948395,1.6648688866989378
1.8300851395130817,0.4639090035680597,1.595620642655137
1.8301373059365462,0.468862497050058,1.5124244639060984
1.8305641246560944,0.4733251529553156,1.4231823799352303
1.8313664235079485,0.47749176278671634,1.3243547581859625
1.8327721426575614,0.48212023317969255,1.219772986013805
1.8349135400049992,0.48721524910982505,1.119379209922817
1.8379489929084274,0.49279728394597766,1.020316961854897
1.8419672314112105,0.4987181296232561,0.9240319718313401
1.8465895853448853,0.504400026675221,0.8396517823349993
1.8517184485474445,0.5099273479469683,0.7643910909607002
1.85748302307143,0.5151960049933588,0.69881365435446
1.863331660962405,0.5198739660913821,0.6496004427612818
1.8692253451170662,0.5241963439339234,0.616353289244674
1.8752033692163914,0.5283478093366911,0.5994097566085846
1.8807988255639763,0.5321593895926803,0.5993220042339004
1.8860835469479855,0.5358123792715218,0.6139529358279505
1.8910913855953826,0.5394310289206738,0.6419265987322955
1.8954708520251788,0.5428110187616937,0.6777820858164878
1.8993644046758136,0.5460709722927353,0.7231187943187264
1.902967203400166,0.5494153988338762,0.7819265262892955
1.9061674957156896,0.5527916319968468,0.8516384439321703
1.909302634698452,0.556634736290738,0.9289053146685515
1.912446275531588,0.5612019848883539,1.0146367968415677
1.9152686404766113,0.566176735489256,1.1026006930151613
1.9176759256057336,0.5714611740585075,1.1917836414895815
1.9196427064218011,0.5770739653110841,1.2831746243503823
1.92105814166176,0.5826913262904484,1.3721714954958064
1.9219692301733549,0.5884165445865597,1.4612279255563523
1.9223889383530002,0.5944000842667874,1.544138081630605
1.922357029040787,0.6003498452447735,1.6108962807151197
1.9219562195644038,0.6064295063419083,1.663931053916576
1.9212281241662301,0.6128255618555076,1.7047953010413368
1.9202856050947996,0.6191607424342624,1.7320079913060147
1.9191666913851446,0.6256883464076295,1.7488881249474326
1.9178821500367988,0.6326112063630815,1.7600387563300486
1.9165554336456772,0.6394429269858978,1.7670975204205555
1.915211723381373,0.6461996569431306,1.7713446288404824
1.91383042337955,0.6530126513716016,1.7719216628746268
1.9125041666472797,0.6595937492672379,1.7657206983786355
1.9112271320150644,0.6662764876717056,1.7501398397413601
1.9100256821083221,0.6733926705700877,1.722269969816727
1.9090572806470563,0.6805925634577566,1.683123198838237
1.9083915150069193,0.688056848831146,1.6333286840753156
1.9081054718475214,0.6958688842569238,1.5746861458382637
1.9080820572028845,0.7034018462727725,1.5152109961136502
1.9084370056270383,0.7110579023177823,1.4520527918335133
1.9094832349280457,0.7192010392355885,1.3794315458329993
1.9113278991874203,0.7273415203491552,1.2995033469546151
1.9137788393151811,0.7351830062689725,1.2176710747816126
1.9166573684474861,0.7426487896215246,1.1363716508435462
1.919681003179181,0.7495416341395519,1.0611991815603807
1.9228969114538195,0.7563017616745541,0.9899094771241407
1.9263739224951668,0.7629234188177191,0.921724869355639
1.9298515002282772,0.768793456241029,0.8621319451164527
1.9334050002104313,0.7739691719290105,0.81070193146309
1.937207592426763,0.7784797052256421,0.7686879967913803
1.9410167628706472,0.7821138593342448,0.7407549216656205
1.9446688150438993,0.7854072973090624,0.7276488809384647
1.9482382571742864,0.7885878134343394,0.7312435749792492
1.9515021326208069,0.7915617356905843,0.7522621127492276
1.954526640044682,0.7944788746042201,0.7906063892916172
1.9573081665620469,0.7974202180830099,0.8469427967271289
1.959801975144986,0.8003982812276675,0.9090738827054679
1.962118798390885,0.8035478682053969,0.9715610440693928
1.9643354127677586,0.807004287211887,1.037044981776807
1.966376242676556,0.8107049498614177,1.1040002199694636
1.9683054389990557,0.8148613144458687,1.1759771087613142
1.9701125354845714,0.819684095957349,1.256183080457839
1.9715851980486443,0.8248680986326722,1.3395274898314316
1.9726632075529151,0.8304265023090156,1.4267120749284958
1.973268617186377,0.836319937365876,1.5178148528655855
1.9733401700469926,0.8420611778844355,1.606124370048027
1.9729065892691269,0.8479056633128937,1.687495381304424
1.9719896044034675,0.8539834012833077,1.7561110335768118
1.9707148939654424,0.8599374714403454,1.8087450846608437
1.9691331619510348,0.8659542004496953,1.8473341664665035
1.9672637724616668,0.8722234004199515,1.8731722589349933
1.9652923139016565,0.8783927016603686,1.8855374141379069
1.963245513971354,0.8846626025443151,1.884964677462629
1.9611440380447016,0.8912349244834692,1.872887602936549
1.9591940822716967,0.8976901288270397,1.8527759116584916
1.9574009463603517,0.9041256761849358,1.8276569862551453
1.9557593909163196,0.9106771263717315,1.798718924905092
1.9543625300319891,0.9171115337241219,1.7658463385169854
1.953168733678047,0.9237811504995799,1.725832412335134
1.952209837106377,0.9310158845813672,1.674958510187568
1.951643591629952,0.9384094193200638,1.6150796472487727
1.951534681305492,0.9460444328151975,1.5453780462651387
1.951939150437933,0.9538728702670242,1.4659149400663447
1.9527196485081257,0.9612123332431887,1.383356490100292
1.954102106717629,0.9684149687454042,1.2937597551477253
1.9563139917045056,0.9755602214905361,1.2070605856222623
1.959043082319098,0.9820582118267016,1.135777941075284
1.9621022003482806,0.98818603363878,1.077102110859591
1.96547709398684,0.9941237027544074,1.028381421003408
1.968851801114534,0.999503990969544,0.9904940503716417
1.972276148947101,1.0045677790851137,0.9590720833647518
1.9758141863984309,1.009508070056746,0.9301331082146739
1.9792673031956143,1.0141365128058553,0.9039658838645175
1.9828503178765442,1.0186907267400538,0.880548086627058
1.9867421309426248,1.0233226375875175,0.8620176332597239
1.9906634411256843,1.0278488512820332,0.8522676209654605
1.9947085196691563,1.0324670935174691,0.8525288039028718
1.9989625140773128,1.0373754040817977,0.8639625307882207
2.0030972137855687,1.0423006104351962,0.8849302884160241
2.0071308663097764,1.0473323231677354,0.9131241666279741
2.011067923857708,1.052515272896907,0.946165647888687
2.014631850058849,1.0575895452559754,0.9821240062281655
2.018008004607762,1.0628300425693809,1.0245796811493757
2.0212910491381955,1.068531239512123,1.0772755830397915
2.024256765794664,1.074429386999541,1.1380924490969897
2.026927158274834,1.080695438131007,1.2080461064212296
2.029278111993662,1.0874074603332977,1.2867407145509135
2.0312543497407534,1.0939040546419478,1.364904730388786
2.033034167825626,1.100317806638147,1.4439018368215977
2.0345452118425333,1.1069183712308723,1.5273727145921845
2.0355559849283185,1.113294168404583,1.6098970745013972
2.036070438017424,1.1193834584012106,1.688516175547993
2.0361094161166307,1.125218108202613,1.7617492255807117
2.035714379269986,1.130496793812777,1.8254288572656996
2.0349503996096674,1.135432631009222,1.8811037243739896
2.0337806458898493,1.140298916128386,1.930818448133045
2.0322371060398323,1.1449581293630469,1.9722792191298901
2.03024209346396,1.149670006124726,2.007338515631786
2.0278422112534042,1.154625208204706,2.035791992655118
2.0252950161781205,1.1595853064906638,2.0533212218388837
2.0225799232970223,1.1647215040648211,2.0589541898246173
2.0196820221564202,1.170213856044787,2.0513395821749945
2.016876068059665,1.175715060338174,2.031339936605075
2.014204481261099,1.1812922479738979,2.000951716157705
2.011724510268619,1.18694952025684,1.962402623783328
2.0095998123658,1.192372208683965,1.918504606577116
2.00772307489265,1.1979589008118658,1.8657731077156627
2.0060601600884547,1.2040908779161512,1.8009224665685668
2.0047898143705534,1.2104998025079643,1.728821433006696
2.0039112118562965,1.2172067307594152,1.650379231895546
2.003314271589711,1.2240785273244827,1.56601315828015
2.003163476885253,1.2306916758003716,1.478864630883156
2.003720817453808,1.2374014335800585,1.3835055125048037
2.005238242228987,1.2445010914404921,1.283594679663575
2.007477623715946,1.251108441653901,1.195032022855107
2.0101864124580726,1.2573056964273235,1.1176248972403395
2.013365738840484,1.2633298448483068,1.0482367079586137
2.0167875726538154,1.2689643118781506,0.9880206185747484
2.0203768794512267,1.274494509221225,0.9313210645178369
2.024119452539499,1.279929241198576,0.8760975711252493
2.0277567805849954,1.2847594270960994,0.8270231277447497
2.0314835755817247,1.2890215888034955,0.7853042286569384
2.0354087728568135,1.2928417920085018,0.7530947709304785
2.039116044094953,1.2962533295621794,0.7351420326599932
2.042700782014122,1.299476605912553,0.7324048494044743
2.0462409383276157,1.3026890456837996,0.746854630136271
2.049474925656476,1.305753302318101,0.777762490743359
2.052416254276137,1.308757658598194,0.8238773286011174
2.0550353589766193,1.311730019059943,0.8836361430684578
2.0573321268231717,1.314684316996716,0.9438111571344384
2.059504152396321,1.3178600975877548,1.0054773695417911
2.0616666479096115,1.3215063794101376,1.0728928543418077
2.0636862581913458,1.3255192133782463,1.1436489772457423
2.065563391258948,1.3300517532987048,1.220231003903082
2.0672354594193907,1.3352324012533074,1.3046188396440153
2.068482667584118,1.3406233567151238,1.3900390604030326
2.0692725694833225,1.346155555219395,1.4762319023538335
2.0695824041053923,1.3519218535185078,1.5652813821532845
2.069380497503148,1.3576766692827735,1.6538751447853206
2.068664339602595,1.3634270842418619,1.7429801022434692
2.067405216486541,1.3692687044138736,1.8281000634744402
2.0657203243934585,1.3748798881971391,1.9004861937893236
2.0636359176342522,1.3804443522634433,1.9603635488868367
2.061116604502267,1.386188698225002,2.0091069503406036
2.058324512187078,1.3918701079721565,2.0466687446624534
2.0551819157903757,1.3977559659837666,2.076157212225972
2.051619619205,1.4040375172587087,2.0965311745954502
2.0479369830067284,1.410315981815169,2.104392827371888
2.0441445481260465,1.4167554550485775,2.0992021196515833
2.0402637636333805,1.4235265421285332,2.079960205447047
2.036679349192784,1.4301592199497821,2.0488257403920263
2.0334309364210936,1.4367176554855523,2.0077287070567666
2.0305401292002747,1.4432838640216028,1.9568768518723656
2.028162398971595,1.4496071835368625,1.8970080660512312
2.026212372580848,1.4560553085445291,1.8243249754117492
2.024718836468606,1.4629540909845857,1.7347412485599916
2.0238669067799533,1.4700738941789553,1.6377121038493012
2.0236367408523277,1.477339954529092,1.5432663920543932
2.023885675020611,1.4847126238452768,1.454269862706373
2.024486739763168,1.4918853562411243,1.3741422830172454
2.025548670250699,1.498933273596433,1.302339943241261
2.0272669855374144,1.5058479469793011,1.2402856610206838
2.029533702124002,1.512111727574071,1.1942188601674637
2.0319819016825633,1.5180367223349627,1.163687730266056
2.0345405975555257,1.5238393810811464,1.1490351555472522
2.036969602894153,1.5292504729184022,1.1518814306736338
2.0392621739565024,1.5345049432737972,1.1716349500616356
2.0413942302764534,1.5397860585770347,1.2088542595662066
2.0431752780808807,1.5448072455875816,1.2585328360907675
2.0445887817621284,1.5496073984386758,1.3190036034336676
2.0456174024385594,1.5541828606923485,1.3894651277563486
2.0462930003269015,1.5586737417363379,1.4608305766780154
2.0466576820863933,1.5634495410612566,1.5357011497574469
2.0466447480787444,1.5687626562192338,1.6181760298127552
2.046162956563753,1.5743138709316595,1.7040756197112374
2.045158494347073,1.5800284106218305,1.7931993889323103
2.0435949300190144,1.5858016671567245,1.8850707353126293
2.0415805950924932,1.591235342906351,1.9740957894973
2.0390980155606564,1.596454185856438,2.0629064940280135
2.0360572773840593,1.6015933459207408,2.1546492207450743
2.032666310397562,1.606296473649721,2.243723762121012
2.0288695241435115,1.6106805279706498,2.332823850922529
2.0245644799034554,1.6148267555308113,2.4246513607859557
2.0200374999832214,1.6184584113647453,2.513809312589309
2.01509567354472,1.6217543012980007,2.5972593355934652
2.0094431648740385,1.6249025964250658,2.6729779766854933
2.003508704884816,1.627691235245978,2.7348043488213962
1.997289440011884,1.6302021965512676,2.782367911365162
1.9907285566561022,1.6325446377270227,2.814655424960886
1.9843697075017976,1.6346418535923841,2.829814635131482
1.978080374310366,1.6366631645893648,2.828805647536246
1.971707128043554,1.6387659426251076,2.813842734476062
1.96571253145336,1.6408739881346035,2.789171120427457
1.960090395266383,1.643031605724496,2.7561757998026537
1.9546558511860332,1.6453539013860297,2.713002071933023
1.9495938539502944,1.647808288576912,2.659977619138728
1.9446572923417396,1.6505736872416512,2.5938155759142867
1.9396736045775813,1.6538712691491506,2.5108553304319474
1.9347542742306574,1.6577777859717107,2.423119812572111
1.9297558101076862,1.6625286958419871,2.3348707799264816
1.924771183627871,1.6680974104191326,2.2507524350118255
1.9201655444092804,1.6739625734396808,2.17799100200698
1.9159907706955543,1.6802310986534454,2.1160321539285305
1.9121668543293797,1.6868979010094456,2.0663150334564273
1.9088143667998327,1.6933538362046363,2.033489339230291
1.9057449683531522,1.6996526560820362,2.0163434351193996
1.9028013961803965,1.7058511222894148,2.014430949938474
1.9001026126724219,1.7114673629385895,2.0262251922306707
1.8975422064853973,1.7165722236062118,2.048982145836129
1.8950138382668515,1.7212887303545437,2.0821035951308224
1.8925662316994527,1.7254730823231779,2.1248809188425084
1.8900324956252055,1.7293615819845978,2.1799988992835413
1.8872235976647165,1.7331350131798264,2.250702724328405
1.8840083035968063,1.7368435127082937,2.3272443942384498
1.880223701395051,1.7405659373596505,2.409429639072182
1.87578823651196,1.744239193602481,2.498180991324195
1.8711158277614528,1.7474603757449332,2.5855173992243285
1.8661697979109138,1.750265783121702,2.673017947848831
1.860739786858636,1.7527329511720697,2.7646639545365455
1.8552663777370977,1.7546452428789494,2.8537371167554153
1.8496312740862462,1.7560813514681153,2.934329040447556
1.8435842538860114,1.7571456479078869,3.0030267902772367
1.8375142146386774,1.7578320110305579,3.056549738547332
1.8312473963292557,1.75824080782371,3.09699825758416
1.8245332763552229,1.7584406629660874,3.1264115823042777
1.817700574270546,1.758479790451413,-3.1379295470598243
1.8106011776399367,1.7584145778712303,-3.12719383604858
1.8031878163891806,1.7582965731156457,-3.1243049840912516
1.796099736812815,1.7581857549918445,-3.127159867686471
1.7892473944937588,1.7581117129664958,-3.1349981023776885
1.7823349535531612,1.758113010692568,3.1321483935384524
1.7756338684972384,1.758249382553471,3.1060804739706502
1.7688255596275653,1.7586066257399113,3.0676186322978225
1.7616372578761736,1.7593140474873414,3.0141259187912683
1.7545314357130473,1.7604380410110088,2.9496718463406237
1.747461042698748,1.762051469598223,2.8760586369311683
1.7403973519780158,1.7640585683033483,2.7955558073801576
1.7336732817968659,1.7664270450611579,2.712789551013948
1.726966255910408,1.769471862039006,2.6232145646484546
1.7203401631321134,1.7732794039465485,2.5286637178380404
1.7144963353585478,1.7773513018281857,2.441820400594504
1.7093080061900454,1.7815587988344834,2.3627035483268664
1.7044642212874725,1.7859166104241326,2.2870067869805597
1.7000418594659998,1.7901678179789031,2.2171494141001835
1.6957892954888287,1.7944961726087685,2.1504384314351275
1.6917611546742972,1.7990696715303,2.087920697684353
1.6883927119857753,1.8036383249064354,2.0364745541428353
1.6857133268368083,1.808353712340298,1.9968317909586821
1.6835445186908808,1.8132855724788832,1.9708503070067318
1.68159443973155,1.8179696327836565,1.962091113915257
1.6797115233308646,1.8225084539007708,1.9702958338266812
1.6777837520903303,1.8269551656068788,1.9960004360542818
1.675903349519979,1.830942770637709,2.0350862443526947
1.6740505721636336,1.8344630090897707,2.084230486639908
1.6721541937622009,1.8376383915347312,2.1426617041054254
1.6700464768990344,1.840730854521208,2.2028329026802047
1.667543666297957,1.8439509496630178,2.2677377109176375
1.6644492006594545,1.8474116601789372,2.3408287159762624
1.660892429327711,1.8508336974926494,2.417831117120194
1.6568135839187352,1.8541778411870085,2.4996054131035237
1.65218793799361,1.8573607582189806,2.5863992217352325
1.647447116308569,1.8600578309365663,2.6707057364676987
1.6424063798946045,1.862379971033084,2.756363167208047
1.6368183980724216,1.8643772573381445,2.8476616949209843
1.6312609655978092,1.8658285362362748,2.9292252559736083
1.6255918086358228,1.8668582480091482,2.9980331314760433
1.6196229906818416,1.867552670037429,3.0555945009615173
1.6136628146071108,1.8679400982195573,3.0986571711860007
1.6075111218031852,1.8681110508176708,3.1285830721279133
1.6008533645767105,1.8681321857711946,-3.1363042907152154
1.593979221676914,1.8680679385376364,-3.129544755370506
1.5866819016527363,1.8679847564229317,-3.1322719805127077
1.5788150723044108,1.8679513471173959,3.138584328400138
1.5709707783712274,1.8680483505613161,3.1174576947135026
1.5630943660530898,1.8683443256654821,3.0886608475664397
1.5551595904347657,1.8688919533375254,3.0534567240062134
1.5476332036152234,1.8696891127827975,3.01357472604796
1.5401116080484136,1.8708237920654525,2.9653728532425454
1.5323970391109476,1.8724111959232803,2.906855912203518
1.5253773717746204,1.8742768733492392,2.853730040818025
1.5188336560195084,1.8763633861596845,2.8106840596219085
1.5123740172320992,1.8786968934962374,2.778634684718456
1.506316714448518,1.881066303216802,2.759031245635658
1.5003353754169253,1.883506090385263,2.750525791548828
1.4941049476900987,1.8860733071118367,2.7528319212418046
1.4878725580655738,1.8885906414131521,2.765204155125973
1.4813767709194685,1.891088776028725,2.7866893680043665
1.4743815035127164,1.8935747610162683,2.8168885805360095
1.4673445538200167,1.8958222231157875,2.85178905750065
1.4602080974723912,1.8978947309200154,2.889047438768989
1.4528550616671092,1.899884293740347,2.928331602802367
1.445569042667586,1.901541031730809,2.97015935298502
1.4380034158496955,1.9027897766063109,3.018281913856654
1.430266588941578,1.903574237543582,3.0673366245662588
1.4231071124394565,1.9039656297196001,3.108750602238164
1.4164016053589954,1.904075903127774,-3.139451629375536
1.4098666390707992,1.9039702082022092,-3.1110162095265697
1.4036443129007206,1.9037193248561979,-3.0920310549140226
1.3973773601730664,1.903370701465535,-3.0814664048107954
1.390711879290391,1.9029543462555596,-3.0784948440069746
1.3839035582660502,1.9025319317233549,-3.0823849377574235
1.3766911452682988,1.9021387383592334,-3.093990334719248
1.3688404487571473,1.9018383854274603,-3.11529873681893
1.360865733014631,1.9017370061646421,3.1381404844542327
1.3526646855031832,1.9019091954298966,3.101098371884712
1.3441853196566917,1.9023862549710773,3.0588507233426543
1.3360038399701333,1.9030849862092616,3.0158355845781664
1.3277241832545574,1.9042221840548925,2.9683081779174176
1.3193541252907228,1.9058894163230526,2.9180663348221425
1.311735486022043,1.9077931526781702,2.8730043771878124
1.304830167960664,1.90982999376962,2.8342453197537805
1.2982740561977932,1.9120198360787708,2.8032289476901653
1.2922466590359012,1.9142089320550324,2.7828941571172234
1.2864194866268672,1.9164300430502363,2.772450803170399
1.2804640425551472,1.9187402006281244,2.7719779366003
1.2745896343639407,1.920990141173766,2.781492642029693
1.268512080178069,1.9232221954846376,2.800718681779133
1.2619667978379157,1.9254489692644088,2.830182975418587
1.2553346645825427,1.927464150913646,2.8669547992216184
1.2485071882360625,1.9292497943119042,2.9096070169939403
1.2414518255054967,1.9308473260364571,2.956369608485701
1.2346386810439052,1.9321819464712797,3.003618378536123
1.2278886606120718,1.9331750239137029,3.051423957970795
1.2211900741503205,1.9337431863488084,3.09644697273623
1.2150851374570861,1.9339156507493254,3.1319032930246333
1.209287668655646,1.9338976552261689,-3.125093353636917
1.2035241230114875,1.9337531784519901,-3.108715288457836
1.198012740225869,1.9335538858254433,-3.104004646244338
1.192509759058144,1.9333573446299037,-3.1109032749058887
1.1867678598669247,1.9332277207827242,-3.1315256962787212
1.1810375529982335,1.933251757165093,3.118009122521172
1.1751304523881276,1.9335131208877323,3.070806257567193
1.168618403444428,1.9341460981383132,3.0153258393367466
1.1620487244915836,1.9351351577082074,2.966748647193494
1.1554502242484956,1.9364328144578744,2.925700764825194
1.14864143707333,1.93803105077671,2.889820670327454
1.1420800896191576,1.9398192605161992,2.859499653725487
1.1357546267679641,1.9417333314451735,2.8328065876479145
1.129566217078478,1.9437742996879095,2.810381210519022
1.123836701193602,1.9457856610580266,2.7967550475730683
1.1183076365508784,1.947783161319721,2.793978134358105
1.1127349880807518,1.9497772325425522,2.804831257519092
1.1073795602324328,1.9515943916187175,2.8300716653989113
1.1020520898170736,1.9532162906909112,2.8698903729903997
1.0966455670403057,1.9545900085662147,2.9246285115488297
1.0916153924701695,1.9555575575810875,2.9881314447934573
1.0869339153358073,1.9561351555637454,3.0586700938815734
1.0819663937103285,1.956378336749076,3.1324406361591
1.0767051534696623,1.9562501596577204,-3.0787228097577155
1.071214465800432,1.9557332096618545,-3.013231671762093
1.0655331961648462,1.954845688469963,-2.957780858667879
1.0599894894012054,1.9537002790394415,-2.9169334876333073
1.0543653314321093,1.9523324576656995,-2.8895765687148103
1.048440769715323,1.9507554645786758,-2.8746929925229128
1.0425040634876637,1.9491195365888574,-2.872847446463071
1.036292339090531,1.9474314083694004,-2.882483071535192
1.0295522765194158,1.945708707333141,-2.9031075855424815
1.0226918628510124,1.9441349577162044,-2.9316661915882336
1.0156080904458988,1.9427428683867516,-2.966067098814649
1.008265410299396,1.9414917895964388,-3.0041545757236556
1.001123474942081,1.9404992624805286,-3.0432437144932214
0.993783833858917,1.939898151643035,-3.087741505550382
0.9858957616542122,1.9396719148230632,3.14084502167055
0.9779023335282081,1.9399111937961324,3.077480133907447
0.9696763650702478,1.9407096643322705,3.00404166927477
0.961442705439053,1.9420584187213161,2.9244943600098243
0.9537645625972057,1.9436724919801316,2.8488951088448355
0.9462634431730808,1.9455828364579575,2.7774517115117696
0.9389086494222862,1.9479399084373217,2.712168330802422
0.9323610812555534,1.9505873347790472,2.6581384956702694
0.9265521737217077,1.9534981957063764,2.6132522625861228
0.9213563739823448,1.956624294138765,2.576656703288042
0.9168656985302402,1.959544551281177,2.552381098805194
0.912781785705742,1.962310518286104,2.5408154864887234
0.9088657324339163,1.9649937981159342,2.543725062388781
0.9052312682632915,1.967432941029152,2.5621644123210765
0.9016763540654984,1.9696901913044789,2.5967104992945753
0.89806297869319,1.9717762732102344,2.6490019848249107
0.8945035770147233,1.9735649743885526,2.7117073127023996
0.890697440567357,1.9751798636140618,2.7773306319398903
0.8866668355583781,1.9765791202562477,2.845037961241239
0.8825876937140279,1.9776938981622338,2.911996313029519
0.8781995885325399,1.9785746022548356,2.9824404931256807
0.8732496647928482,1.9791912537710703,3.0603356220737328
0.8677955623948268,1.979435389512614,3.1381847669377247
0.861902539398387,1.9792609846692626,-3.0759831258422
0.8556322247819568,1.9786742776400208,-3.0189794124246885
0.8493632612929352,1.9777677531192066,-2.9759767379726045
0.8428037365833977,1.9765628566906892,-2.9432030117660513
0.8357623815459733,1.9750590967637431,-2.918753086472273
0.8288239130723828,1.9734334781186675,-2.9032588353326942
0.8219496233177268,1.9717378473158305,-2.895745204669752
0.8151158961015164,1.9700209026349593,-2.895438403659275
0.808801233550495,1.9684525970996491,-2.9024608707739574
0.8026805683000141,1.9670044433034493,-2.9193827024595027
0.7964273077665492,1.9656746265555094,-2.9499031067706327
0.7902826867731841,1.9646041436535624,-2.9942146797901783
0.7839966220394768,1.9638398041541114,-3.0538135778604185
0.7774087083436486,1.9634836805042113,-3.130262483177517
0.7710164907800762,1.9636544911593754,3.068154075796504
0.7645048996464738,1.96429614843347,2.98442160709433
0.7576900985166158,1.96545964020733,2.904163414297964
0.7511820147701209,1.967213493788865,2.83466919153393
0.7450386144983593,1.9693424340537011,2.7790380687268237
0.7389850943323398,1.9717843108870843,2.736293630553961
0.7333178541061453,1.9743111374318179,2.708068209378836
0.727818695519257,1.9769092361544112,2.6936602660317606
0.7222427998349622,1.9795980267710818,2.6935729810049
0.716844932037208,1.9821579171956636,2.7077052720033006
0.7114530811561973,1.9845798527397598,2.7359405378326653
0.705901464564759,1.9868452212991474,2.778234440640301
0.7005765250001834,1.9887363120771817,2.829577153476588
0.6954451231728057,1.9902496922902393,2.887858555428796
0.6904017999692976,1.9914009012545217,2.9545897706589823
0.6856020291252034,1.9921483475214539,3.0281391579534964
0.6805107799871949,1.9925436793488975,3.1074371943494676
0.6748341668949696,1.992510182163542,-3.088190330526183
0.6690896349654394,1.9919805277536373,-3.0057752882031346
0.6632771764048857,1.9909791352221071,-2.9321488416714745
0.6572746869861659,1.9895096185634822,-2.867674355062337
0.6513535579564153,1.9876814933919962,-2.8133301199880614
0.6453723763693291,1.9854998626591578,-2.76602560079308
0.6393352907387287,1.9829893687417262,-2.7251691108333054
0.6337853899862528,1.980444825348755,-2.692490864970342
0.6286522823488662,1.9778961403864663,-2.6669605543885733
0.6237291066896837,1.975316000852953,-2.650600110828918
0.6191837606042262,1.9728698923871548,-2.6470347636779685
0.6147391446755612,1.970492794591265,-2.6578971816025696
0.6101421619075277,1.9681431827386735,-2.6860221610120423
0.6055842106694418,1.9660159030642355,-2.7306434426972426
0.6009312997538538,1.9641304856057304,-2.791862533879163
0.5961567163040921,1.962565602707355,-2.869937501805217
0.5917642564403377,1.9615112587111823,-2.956304034712741
0.5875974303106565,1.9609031048627785,-3.051900758091033
0.5830008343245858,1.9607084251236768,3.127373085677986
0.5779048575076402,1.961021596135062,3.024467383712427
0.5722392952059175,1.9619702416732487,2.9188575906803456
0.566164879796365,1.963666127820724,2.8114622566699747
0.5603328127934075,1.9658654277113035,2.7131300606791937
0.5545768411984113,1.968459220175411,2.6217028159015814
0.5488778941312472,1.9715925141999548,2.536611283135815
0.5438242193222834,1.9751384721206056,2.4659390816127
0.5392808002526472,1.9789859816437156,2.4088503239070813
0.5350067212775252,1.9829963614944173,2.365901032266889
0.5311742704872819,1.9868514391827998,2.3410336667577694
0.5275642323128825,1.9906095949088343,2.333462855823736
0.523996494357242,1.9943209665051378,2.3437726465806534
0.5206282734183286,1.9977022202644372,2.370374969350008
0.5173024906823073,2.0008304020925824,2.4100630698516614
0.5140067379275001,2.0036621580079754,2.4617720104176914
0.5110053188403626,2.0059698666987518,2.519594460671961
0.5078412820914595,2.008111900062813,2.5808184793698463
0.5041935887134444,2.010253576706686,2.648036672514212
0.5001715354081572,2.012256256425185,2.7187404274759333
0.49563073614310016,2.01411438306481,2.795265906089924
0.4904542208159044,2.0157618130430066,2.8794253088956667
0.48509090807380645,2.0169816436444923,2.9643098580401808
0.4796097859330065,2.017744999931921,3.0496648000696664
0.4738799250719986,2.018039380035199,3.138117795729968
0.4681350748581579,2.0178265856062176,-3.056675036337764
0.46238287369820164,2.0170994812768868,-2.967594026279483
0.4565464786726993,2.015817790690774,-2.8757893569997055
0.4510151992268417,2.0140666295172953,-2.7866590033767906
0.44565971331025933,2.011828965737934,-2.6974964737667118
0.4403718225240358,2.0090339363267784,-2.6056106894692115
0.43553064798686014,2.0058850612817385,-2.5168464967837334
0.4309727226998471,2.0023067975891866,-2.4278052354387656
0.42662744461181645,1.9982101289689902,-2.336029958417909
0.422762362498169,1.9938628919799983,-2.2548514293420836
0.41916690750149727,1.9891456979073696,-2.1863705016570902
0.4156898607160231,1.983931869747823,-2.1299384339027814
0.4124829892643762,1.9785639685769212,-2.087979516496378
0.40936786781921347,1.972893204332502,-2.058408755251541
0.40615522597947484,1.9666852864375297,-2.038965298015938
0.40297484039831316,1.9603115538666191,-2.0289457617074995
0.39973565457656063,1.9537232004452794,-2.0275339856386703
0.39635917282930133,1.9469050155697607,-2.0346630246459205
0.3930845280645003,1.940463475686673,-2.048437034687198
0.3898214044742709,1.934291796240089,-2.0687890215221394
0.38636463572152807,1.9281253270328862,-2.0996483154939463
0.38278000447488575,1.922244061400858,-2.141943183927381
0.3788328232968145,1.9164290182715704,-2.1981671081418948
0.37426966413935187,1.9105550430954699,-2.270856926289835
0.3693284784219061,1.9051089592868211,-2.353798627923722
0.3640321921620185,1.8999638800454934,-2.443175506174327
0.3584402877768728,1.8948655519294544,-2.5331926041761683
0.35295808783696336,1.8903057972734962,-2.614594809187639
0.3474841885782365,1.8863839901024206,-2.6868516180762976
0.34190762182686923,1.8831850386287987,-2.749146418194787
0.3365854288314691,1.880964768583603,-2.7960771225442063
0.331471259431403,1.8792136854708246,-2.8282499753913273
0.3263769905241929,1.8776150082671779,-2.8460205711430286
0.3214758786382097,1.8761369582332275,-2.849127928140353
0.3166164896730365,1.8746526678095319,-2.8373715003783038
0.311656059787456,1.873034468388405,-2.8099483495705506
0.3069331486150003,1.871318753628904,-2.77013175722719
0.3023964680349565,1.8694377065742172,-2.7193588000937137
0.29808104957035386,1.8673605987063218,-2.6586726421244977
0.29432149378501254,1.8652522067853128,-2.593544093550289
0.29065557317909924,1.8628561157978885,-2.524497948503759
0.2868050481138978,1.8599210960133543,-2.448710122348581
0.2829876421379296,1.8565131717062273,-2.369245027996257
0.2791694355703667,1.8524917545923754,-2.2837478919505063
0.27545387847757674,1.8478109330962795,-2.191978608501808
0.2722687375439825,1.8429543603054728,-2.1028066254153255
0.2695336879799326,1.8378633233492465,-2.014034063814893
0.26720390148356443,1.8323706790301975,-1.922394668124009
0.2654177650808257,1.826851998670015,-1.8407554118861649
0.2640424269799941,1.8211743511152836,-1.7728900420742089
0.26298236985009593,1.8151814677695943,-1.7167444108820273
0.2622341821040751,1.8092603789629402,-1.674960860191195
0.2616991816776842,1.8033024116713425,-1.6451885172967844
0.26130332266585954,1.7971973991264676,-1.6257950597141146
0.26101312250755276,1.7913757382669762,-1.6157184629259886
0.2607757362133672,1.7857103831440408,-1.611015828072522
0.2605572163017427,1.7799705135778325,-1.610855915467198
0.26032519739845306,1.7743160351285865,-1.6158243458874162
0.2600365427257325,1.768415293384811,-1.6261054078864592
0.2596293751687461,1.7619469509365233,-1.6437051528542377
0.2590624080313447,1.755227847212487,-1.668530345452229
0.2582543972873939,1.7481077124518178,-1.7009365938329792
0.2571134378295597,1.7405195005689413,-1.7406862171023232
0.2557746142592225,1.733172555361242,-1.7825305767480777
0.2541037173974561,1.725929314667368,-1.8284952231931555
0.2519367062025947,1.718431845313294,-1.8849444129830855
0.24930936713354776,1.7110774384126104,-1.9517349094976686
0.24607121839558949,1.7037490447697266,-2.0311908456620076
0.24207856725064697,1.6964686192941871,-2.124707047140604
0.23777677512053114,1.6898313199611086,-2.2177037041857144
0.2330557242410574,1.6834864210481968,-2.304864180849178
0.22776177264236305,1.6774250502896504,-2.38326742950197
0.22228867305666028,1.672253765433789,-2.446388035549164
0.216671245131178,1.6677855517561497,-2.495603106344557
0.21102560662861775,1.6636839167936404,-2.531787274655935
0.2058008862538658,1.660118775071343,-2.5541411216686227
0.20092047266736449,1.6569111964641592,-2.5661175263809772
0.1963080302991785,1.6539336558865965,-2.5697597443004323
0.19216613753630823,1.6512573669991695,-2.5641799232300584
0.18825848787326005,1.648675967447117,-2.5481103175017368
0.1843968260301192,1.6460027467648295,-2.5189641760093804
0.18076849231336234,1.6433002872732603,-2.477155224701058
0.17727581128808467,1.640429208914744,-2.421444484349053
0.17387723930882362,1.637258235158195,-2.350871700100367
0.17068044213561354,1.633808518199208,-2.2772677423276626
0.16769865652522103,1.630080888126915,-2.202680340979937
0.1649164898875185,1.6259875009982965,-2.125383852156442
0.16243627999780777,1.6216491759820046,-2.047625101642568
0.16017242370536053,1.6168320410969286,-1.9652751737111345
0.1581399232010576,1.6113154882197769,-1.8748645390395244
0.1566249323053416,1.6057462845978476,-1.7931591503727013
0.15552770238652605,1.6000207704271285,-1.7234504383758955
0.15477371257791722,1.593970218514203,-1.6632405784702433
0.1543539185848094,1.5878896234210487,-1.6132748346201091
0.15421166795510954,1.581626801582241,-1.5700173934093506
0.15432427809279387,1.5751715106671336,-1.5331855274110515
0.15462920356742565,1.5691033104745684,-1.5050843902255857
0.1550613980405442,1.5633674368167088,-1.484705220868136
0.15557684115450512,1.5577494896648159,-1.4743726980424823
0.1560877235511348,1.5524759090132563,-1.4763312664899362
0.1565509471876654,1.5472670702122027,-1.4920630812238347
0.1569043236872863,1.5418701629898144,-1.52443878400772
0.15704106226748293,1.5365627544777574,-1.5722354912968532
0.15688966204278718,1.5312398587014546,-1.6353452574888931
0.15636662729863385,1.5259197967545248,-1.7135493246529678
0.15550552197705642,1.5211445539970223,-1.7982323857528517
0.15419287965377743,1.516342713636022,-1.8843110299582242
0.15220865957326568,1.5109807667743502,-1.9721652084115755
0.14953862383137037,1.5053346089041366,-2.0586149177851714
0.1463050613786498,1.499756908696299,-2.1383687417291593
0.14263128862206592,1.494390043488167,-2.2072550653454805
0.13881442953016657,1.4894969282741575,-2.262373545328805
0.1347668887671427,1.4848127870078704,-2.307175529159908
0.13030465312707598,1.4800598459856853,-2.3438842740277783
0.12564368278837834,1.4754112033078481,-2.371195337234479
0.12071371630138705,1.4707168318406838,-2.389035241575157
0.11546725365353744,1.4658484259275653,-2.3959088223850364
0.11033906826905633,1.461102792812644,-2.390922917789604
0.10531594116861127,1.4563655660475707,-2.3752619140955593
0.10041617146961242,1.4515569433863407,-2.3502628923481215
0.09603889291196169,1.4470164693888046,-2.3194167249208824
0.09198365875558988,1.4425080425481231,-2.2800091571867105
0.08809082333397719,1.437764732896882,-2.227795279612691
0.08459231257333387,1.4329632144071482,-2.164174577710869
0.08142917745480371,1.4279150504925417,-2.087392754859997
0.07865279534371376,1.422532137296184,-1.997184248895281
0.07645430932530975,1.4171617081268637,-1.9079733293702874
0.07461970987470136,1.4116804051621332,-1.819110883592574
0.07312392038081642,1.405917765967047,-1.7276239453761943
0.07221617275588135,1.4001924916957622,-1.6385350876526017
0.07196429107267092,1.394558516190958,-1.5554002645537681
0.07224624403229192,1.3889592619928883,-1.4805704599354497
0.07287834847535646,1.3836850467922897,-1.4184446261016903
0.07379795458891002,1.3785302071706003,-1.367290623058479
0.07499465406780206,1.3732616567735723,-1.3264966586904896
0.07637392627621524,1.3680522829674844,-1.2980757108122558
0.07795082231153426,1.362624305493495,-1.2788699148875797
0.07977376003885947,1.3566923607701817,-1.2673677682378257
0.08170586421888479,1.3505624016070383,-1.264928044100432
0.08372871428868803,1.3440943042527467,-1.272206639429011
0.08580905336325242,1.3371417866826771,-1.289834902800289
0.08771214319423946,1.3302320179072922,-1.3152700786427094
0.08940497149610603,1.323343328673748,-1.3459649693003435
0.09090257576703839,1.316317010165525,-1.381942133596549
0.0920996324716646,1.3093524110735484,-1.4235776555995123
0.09301089104721823,1.3020468783748789,-1.4735701191545765
0.09356065683452333,1.294051115372057,-1.5339290589110073
0.09363375069991302,1.285959526816143,-1.6002475190195173
0.09331936201305159,1.277872707962939,-1.6716320503734425
0.09258971745617901,1.2697164046313558,-1.750411264744028
0.09118069296628269,1.261880584260959,-1.8362784852064282
0.08888731207021397,1.2541886022354467,-1.9331703872982726
0.08579069721785625,1.246945004898139,-2.030489053576545
0.08227420624200704,1.2405064986319287,-2.1151824370410313
0.07828895796908404,1.2344066803276037,-2.1881587323311336
0.07379135827691838,1.2283132597430528,-2.2552135700796887
0.06913358447813461,1.2225276311253435,-2.3144913712342166
0.06423824041883518,1.2170842214684106,-2.366569384582616
0.05904426839121837,1.2120439839671442,-2.411592291993079
0.054075388958385526,1.207743111160117,-2.4467856668519428
0.04939780379344676,1.2039444020398835,-2.4733663857472545
0.044905190580684415,1.2004575665164074,-2.4894065733347897
0.04084475785580591,1.197370631106843,-2.491533040269585
0.03705428691530765,1.1944623832070647,-2.4783064988957815
0.03341706141302382,1.1915488150935563,-2.4469591789094305
0.030167780300915957,1.1887333294341103,-2.398633834856251
0.027196153168001325,1.1858518235430398,-2.3349925727663376
0.024199254067480375,1.1825233466945895,-2.26423949370767
0.021476300769331377,1.1790317358371745,-2.19443575804037
0.01899062847416889,1.1753375515439277,-2.1242782792493644
0.01661721375640648,1.1711889116968088,-2.0492825321228003
0.014486962232141893,1.166704817063222,-1.9719052157766623
0.0125806554612895,1.1616912494356977,-1.8888988307749761
0.010967301270632217,1.1560047368716864,-1.7979636654554352
0.0098918602794094,1.1503029742780164,-1.7087928383740474
0.009328467591415115,1.1445260223985483,-1.6195880438627865
0.009288044742158427,1.1385839126294168,-1.5282090125812824
0.00976482677144525,1.132746752137984,-1.4462729394087384
0.01069415674304469,1.1268637688728325,-1.3792466767882547
0.012049486713485932,1.1207418784888858,-1.325146148633223
0.013675667127429276,1.1147446762745845,-1.2865479355362635
0.015531197611755596,1.1086823144102445,-1.2615501368624593
0.017605269042614315,1.1023394001481617,-1.2497602402456613
0.019695485471464203,1.096063726202358,-1.2513496792928236
0.021775361151517597,1.0896534240988973,-1.2659565403350592
0.023811779112644253,1.0829142761683588,-1.292421013769308
0.025594153439688558,1.0763119585467156,-1.3263506976398707
0.027116263462242177,1.069781026565841,-1.3651179527073052
0.028374477290388018,1.0631240301378628,-1.4095442252197252
0.029296708811826607,1.0565666374497618,-1.4596272680378557
0.029869328235046875,1.0497777691459516,-1.5191481398259727
0.030003688368638537,1.0424842351916723,-1.5922647654201318
0.029577833922652876,1.0351884928988473,-1.6750399458962744
0.02851580386033141,1.0278568806270687,-1.7658199039909237
0.02689924930494878,1.0203510784318963,-1.8557089033489018
0.02490366343807911,1.0130925519216205,-1.935487511879559
0.02241952053338548,1.0061149712960828,-2.005608240258083
0.019338239186554237,0.9994739258311606,-2.065943581895849
0.016040577364782545,0.9936706851134324,-2.112874035967534
0.01278561592194443,0.9884698254782408,-2.1493828703330147
0.00961298730721667,0.9837487065656448,-2.1772231911243094
0.006748512106192354,0.97969033011097,-2.1940968981856392
0.004084693731425567,0.9760100888356421,-2.1995177320353507
0.0015258692410973361,0.9724735202262346,-2.191608751602322
-0.0007959658655635341,0.969168181349307,-2.1695109146011013
-0.0029549859923185835,0.9659004106104022,-2.1323080009372704
-0.004968600984452133,0.9625368775499161,-2.0780773499579546
-0.006767919421198636,0.959083046473741,-2.0158367920477342
-0.008423954067280892,0.955342766158074,-1.9508487210077208
-0.009875535108963902,0.9513684909995167,-1.8836569093614037
-0.011043766851644208,0.9473582689497043,-1.817442698502737
-0.01198700093284555,0.9430509793024059,-1.7479449740046955
-0.01268434703992718,0.938190006930135,-1.6711537287530835
-0.013015368107094112,0.9330213945980609,-1.5908032378938366
-0.012910705831964325,0.9273435552263407,-1.5071707588785894
-0.012291697799616568,0.9212844912549397,-1.4261767409963881
-0.011213843645380523,0.915288882739747,-1.3563907712123753
-0.009661954344338294,0.9090306067042575,-1.296548343831035
-0.007633575014054288,0.9024309207110868,-1.2470730184047474
-0.005363025946553213,0.896023239984054,-1.2122171998073477
-0.0029307273169602993,0.8897464970087628,-1.1899533547615635
-0.00039602930287998997,0.8835143130130352,-1.1799321017855706
0.0019615894803847967,0.8777947220256977,-1.1814938032315587
0.004114284296338959,0.8724859358872832,-1.192669291757703
0.006099777043561483,0.8673541594657398,-1.215545473011942
0.007808131139317019,0.8625355751141011,-1.2508552921728688
0.009313804926495523,0.8576560445356738,-1.2992363240576694
0.010611714429279941,0.8524298392175751,-1.3635332842173777
0.01154319822394427,0.847130738991209,-1.4399830052456923
0.0120417359240676,0.841730430819809,-1.5293807658892222
0.012030635001332533,0.8358975478148462,-1.6229558981853414
0.01148654431936119,0.8298838680011957,-1.7062666447617851
0.010363124422563132,0.8234287985141495,-1.784224775413286
0.008622415914977843,0.8165428847261534,-1.8555733874343139
0.006473843020409154,0.8098834217056007,-1.9117469754523666
0.004015404263508441,0.8033747668019554,-1.9527520049627118
0.0012946576395107736,0.7968750965310843,-1.9812612955781514
-0.0014463059762296593,0.7907108855676013,-1.9958324859446746
-0.004201994788474876,0.7846504428819877,-1.9972755499297818
-0.006999154530857384,0.7784293360429986,-1.9865522463551768
-0.00960685416380712,0.77238911799833,-1.966834719447267
-0.012045754910652321,0.7663787375771371,-1.9409992454109133
-0.014324295638984916,0.7602850446342599,-1.9111631876859827
-0.01630613758735506,0.7543928987323352,-1.8785337908121118
-0.01809399924790036,0.7483942237062774,-1.8398326792196764
-0.01970696809019118,0.741992656276476,-1.7912480685777903
-0.020984591418172445,0.735510535218825,-1.7343133666316333
-0.02188660288487634,0.7287836179626931,-1.6677753628265108
-0.02233032209170413,0.7217121150558433,-1.590805562085836
-0.022355814480944772,0.7149659176719876,-1.5121366648432726
-0.022098108615897682,0.7084587669191944,-1.4313686561716277
-0.021403865968557728,0.7020203249032121,-1.3451180894878159
-0.02018230852834493,0.6961156333657057,-1.2585353369432262
-0.01834093884040799,0.6905947005520781,-1.1696532111383142
-0.01578478847519996,0.6851903466338667,-1.0778524401446334
-0.012831499972265601,0.680192255871726,-0.9887243128267833
-0.009453774370369428,0.6754607974554663,-0.903888624502378
-0.005633901152522507,0.6707558665232644,-0.822717186401188
-0.0017321192508738558,0.6663740348271613,-0.7487545540918985
0.0022811193857796065,0.6623725725818499,-0.6815161606579956
0.006398024906596577,0.6587989506351197,-0.6204275224505015
0.010265335711888509,0.6559467343573492,-0.5697448380416301
0.013992532056726598,0.6536486530520171,-0.5294979346561908
0.01762542251519122,0.6515878774396249,-0.5011998425629361
0.021009736483212853,0.6497643452512613,-0.4883885318626406
0.024321806303276593,0.6480060452711208,-0.4916130352424399
0.027724186210774444,0.6461498707222051,-0.5125435040743231
0.031128145750154133,0.6441685912674465,-0.5475582952102693
0.03455943437406514,0.6419767916753157,-0.5960765076010466
0.037943651406083564,0.6395524821455562,-0.658535100682903
0.04086113389143525,0.6371608992737008,-0.7281213313784104
0.04338230858188648,0.6347629550667382,-0.8072817816742262
0.04572741796625828,0.6321107559782314,-0.9016321860536445
0.047821741519926735,0.6292108358629116,-1.0070869122018058
0.049834349908553205,0.6256430164496042,-1.1183734298808872
0.05172865508671986,0.6211914888724503,-1.2307284768645592
0.05324378151738987,0.6164777703966481,-1.3352693623129435
0.054310156268819784,0.6113264396624792,-1.4371650847346926
0.05481304658403651,0.605411904385458,-1.5427761655933498
0.054710294118612356,0.5994538112417371,-1.6407505881169862
0.05406312633876055,0.5936332044995813,-1.7288963271059434
0.0529334409933166,0.5878993076959409,-1.8071128665437892
0.051468567630296745,0.5825234809811766,-1.8708930957974095
0.04968283630167499,0.5772155880884042,-1.9233431315537934
0.04750306383740045,0.5716566491796626,-1.9667216691955545
0.045064794407531486,0.566080164358014,-1.999856091804694
0.04237449210752171,0.5603863979976491,-2.023875809177456
0.03943006432830569,0.5544545956988312,-2.037369288972194
0.03650901169247387,0.5486861079470096,-2.0389012423350987
0.033640843805570315,0.5429768040943537,-2.029676140574172
0.03086743926894963,0.5372675490399597,-2.0110499362933965
0.028446133629997417,0.5319986543929495,-1.9864762263987934
0.026278582220330294,0.5269111449556169,-1.953890322328976
0.024293437435046986,0.5217115593258572,-1.9092335391356827
0.02262846228176679,0.5165998355403383,-1.8533564872993633
0.02127933951169891,0.5113788286773978,-1.7845579122997277
0.0203009123373423,0.5059052065447123,-1.7013677483848748
0.019792499002610514,0.5003713790948492,-1.615611911172896
0.019705539878500444,0.49476296734496944,-1.529131408644223
0.020050608019553422,0.4889832241858801,-1.439869406806848
0.02097818962635698,0.4832937874599335,-1.351176851349751
0.022470300268986793,0.477694487862376,-1.2620693882181386
0.02452319676556603,0.4720862541881722,-1.1702377555283823
0.027000232683196984,0.46684328695891225,-1.0810813107634587
0.029935044910256288,0.4618392388475447,-0.9918929526677122
0.033379211143575754,0.4569495193215165,-0.8999671126722101
0.037018647828173115,0.45238968381991257,-0.8134195587397067
0.04085584621803124,0.44813988578874814,-0.7333882079768705
0.04499663955929417,0.44430297628923404,-0.66082485960878
0.04916993345509059,0.44119572098048865,-0.6024934925251021
0.05332482669286062,0.4384653969894497,-0.5579928780715664
0.05757948716193782,0.4358980752759502,-0.5274090588889286
0.061816031498267726,0.4334802697824152,-0.5108568621615394
0.06618621351633192,0.4310467983067657,-0.5080755597195046
0.07084363854373939,0.4284283026224314,-0.5200544650857142
0.07549493097814973,0.42569885421812415,-0.5459297142700844
0.08017116668203353,0.42274819967676963,-0.5855877180247482
0.08485747111009029,0.41948309873540685,-0.6389788009462505
0.0891098382141115,0.41615094153296966,-0.6988717205148389
0.09297840425813028,0.4127104700243374,-0.7650525036128071
0.09666177248051946,0.4089243223987755,-0.8430114967159137
0.10016162033529631,0.40468532255172474,-0.9256034628057359
0.1036524007017604,0.39963707656096487,-1.0117529411906456
0.10708339316595998,0.393609667055922,-1.0996999632979023
0.10997819287177868,0.3873774841565574,-1.1762803150544974
0.11243163062719747,0.38093076443291546,-1.2422415321991984
0.11461453591069296,0.3739957451537396,-1.3017426631561624
0.1163596578597766,0.36705227757036984,-1.3513186459181177
0.11776608569068665,0.3601096102183805,-1.391361392222697
0.11891761372663663,0.3531645326248219,-1.4221208074058438
0.11980427802774372,0.34681137659353417,-1.4423718496637203
0.12052477796056761,0.3409588765948988,-1.4534886930605255
0.12117416338008552,0.33540075697285177,-1.452952760602239
0.12179556743698712,0.33037109741600945,-1.4387030492817632
0.12248311622698614,0.3256098871526267,-1.4097057347611168
0.12333475628800065,0.320929770255861,-1.3630082257317833
0.12436121640229174,0.31661276342942746,-1.3011902134698008
0.12570257034761473,0.31229454542606927,-1.2300457041955422
0.1274796481100891,0.30777537487639944,-1.1539725207230838
0.12953786253798452,0.3035166132769135,-1.0799022877909388
0.13195240716262419,0.29934722367587746,-1.0045870570960964
0.13492068753251488,0.2950384800651156,-0.9232079390733283
0.1383820104417614,0.2908108033030176,-0.8387847279980758
0.142418269605295,0.286670593732764,-0.7498757706760476
0.14695901946561474,0.2827856420444419,-0.658013181373502
0.15169073445050973,0.2794270897075577,-0.5688180488812925
0.15669668093797345,0.27650650856481274,-0.47971652569712947
0.16208333740214415,0.27398588894046716,-0.3882418016669335
0.16754010689259913,0.2719976885882543,-0.30602838449929687
0.17314981163663457,0.27042360350672023,-0.2378606815276118
0.1791090232306987,0.2691486931690185,-0.18184358049186078
0.1850842967150849,0.2681727260046516,-0.14136719386455754
0.19125805372157414,0.26737886315081294,-0.11506468344998302
0.1978530038547892,0.26666419178422124,-0.10287899479147312
0.2044692126562191,0.265983822391702,-0.10479938754527533
0.2112491535707244,0.2652321033966876,-0.11907367658070786
0.21846683116023285,0.2642886806212456,-0.14432722115534943
0.22562620894592159,0.2631403500698957,-0.17663356997102322
0.23280120562296727,0.2617467274946599,-0.21357048190558772
0.24007643451740057,0.2600937800290778,-0.25370841918037357
0.24710444935032103,0.2581456870400157,-0.2964004198188201
0.2542434698037293,0.2557886034731978,-0.34565075629523284
0.26178652216946646,0.25283437057606445,-0.40567285978734136
0.2691880718281348,0.24938374322141602,-0.4726641095618642
0.27606197151514805,0.24560078770129126,-0.5387948271045897
0.2825568126419162,0.24151524401664604,-0.6012915398818128
0.2885651649639968,0.23745770617905182,-0.6579549277034805
0.29443315265182957,0.23341122657251248,-0.713446062001394
0.3002297792722682,0.22926295589490953,-0.7683309268468784
0.3054299128927702,0.2251740161113184,-0.8160048111657913
0.3100643511752282,0.2209399604568173,-0.8550817080845938
0.3141496161471659,0.21635334973332343,-0.8835165790100499
0.31775067975176613,0.2118992226893463,-0.8969318238696267
0.3212068177233998,0.20756781726741494,-0.8944413440174933
0.32469941901664484,0.20327964880047705,-0.8743100785823876
0.32806784002172673,0.19936655139357806,-0.8380929726938153
0.33139615060988653,0.19581776471527476,-0.7873715346791316
0.334683381448381,0.1926896035990784,-0.7234036894072835
0.33790007544869005,0.1900133542071721,-0.656988660317345
0.3414268015789152,0.18746218800880135,-0.5882054046959049
0.3455161865156499,0.18493142954887326,-0.5127619202899355
0.35002062881244517,0.18260329676149192,-0.43386092766145185
0.3550786265183081,0.18048402389612359,-0.3545648879718637
0.36059444041586913,0.17868007866383112,-0.2687685480859854
0.36617007142022195,0.1773827973720483,-0.18068771704144573
0.37200289654091684,0.17654826007095392,-0.09632177430849684
0.378265084157485,0.1761703769203409,-0.0198857018851579
0.3844380593003349,0.17622636775756353,0.04077332839531166
0.3906197401276391,0.17661460081047842,0.08556034615308855
0.39698789018679964,0.177254074431873,0.11359518283038415
0.4032899687399446,0.1780146193322807,0.12482252587381581
0.4097554821014143,0.1788260897799851,0.12210171857124302
0.41658452833957244,0.1796173944475949,0.10476192760662031
0.4233526373057092,0.1802419563312258,0.07467459302069743
0.43014583004015666,0.18062383723425782,0.032426610180147586
0.43699220892635043,0.1806830083145789,-0.02162449358040379
0.443308991991823,0.1803823620196637,-0.08163996841884293
0.44936538705497275,0.1797026282573704,-0.1502889868033465
0.45548153227214666,0.17854492177619835,-0.23306053885422168
0.4617033637238189,0.17679663021708297,-0.31995568264342467
0.46825926600027845,0.17433511240983673,-0.4027010892552925
0.4749229960685707,0.1712120877585012,-0.4766177572963152
0.48117628816816,0.1677575068588162,-0.5352324114968805
0.48727546087861356,0.16394946902385713,-0.5841754862891589
0.49350627295904337,0.15968618095880924,-0.6277055923228314
0.4994331708572192,0.15524836575120796,-0.6638606764745122
0.5051129805555223,0.15066945630883385,-0.6931474863784652
0.5106053526627542,0.14599981512606844,-0.7161679314581992
0.5155198231112854,0.14165364131367333,-0.731623105795439
0.520087011634856,0.1375201275640495,-0.7378395106416185
0.5245410901705083,0.13348129983399268,-0.7316589831621445
0.5287333502022317,0.1297739366186297,-0.7110650280266021
0.53289416166257,0.1262936047144577,-0.6745422279651909
0.5372074295042524,0.12300165518119516,-0.6199359060569185
0.5414024308876787,0.12018670018714797,-0.551686744542202
0.5456862496830402,0.11774814220670003,-0.4748405239630371
0.5503001188537265,0.11558253537279384,-0.39534478968812187
0.5549910188010853,0.11381723954413078,-0.3172655590559934
0.5600267869621965,0.11236802181799845,-0.23596984064387722
0.5656810276411307,0.11125033655086011,-0.14706753308840004
0.5713803013033525,0.11062894835495726,-0.0655533968530085
0.577120157021744,0.11044047303464169,0.0032487296121960847
0.5831232113485703,0.11062817863028399,0.06130090811578274
0.5890949704109535,0.11112425988401696,0.10538359771544739
0.5953413986207992,0.1118905904759283,0.13874871980722978
0.6021657526581701,0.1129284229284048,0.16255667483722072
0.609124436392285,0.11411643580993977,0.1747606595929197
0.6163422567066095,0.11540079484499816,0.17550369772619437
0.6239805676603325,0.11671845435601315,0.1633163774508586
0.6314923883404268,0.11787575002958582,0.13913443415325422
0.6389531507854868,0.11880205210404243,0.10427516665907718
0.6463814286969689,0.1194316592835405,0.05986355109522147
0.6533242040962177,0.11969203099813781,0.008498040627425155
0.6601796707227153,0.11956027605832849,-0.05368116732901148
0.6673028535358118,0.11892680379884574,-0.13109184403350543
0.6743266137608276,0.1177129250738821,-0.2196708519241182
0.6814126222754665,0.11580363941495975,-0.31309323040197073
0.688546107836826,0.11324352830289502,-0.40328606007369494
0.6953103143095376,0.11037290801359867,-0.48365818718108317
0.7019673908817402,0.10713208531024185,-0.5573374231241481
0.7084674223308227,0.10333952467504716,-0.6232590063737685
0.7142141704712085,0.09924552425560842,-0.6757541037505398
0.7194224819697083,0.09490527991523026,-0.7146924366303212
0.72443441360128,0.09044622950589463,-0.7384994514387322
0.7290501771090839,0.08620832903781116,-0.7445474545999388
0.7335143341593235,0.08212472808751707,-0.7332306004730822
0.7380292121153027,0.07815440936938509,-0.703602079068572
0.7423546807305837,0.07462339088816441,-0.6585260833604604
0.7465958774617968,0.07150785966821811,-0.5999208480389655
0.7507968585198374,0.06881718697196902,-0.5297543077797147
0.75486383132891,0.06661015838393296,-0.45719140192090324
0.7592494986456851,0.06463447626746446,-0.38202623045220135
0.7642285329873529,0.06284722104207276,-0.29986755958557115
0.7695793993992457,0.061418740002268414,-0.21443469251283825
0.7752900575739454,0.060416681767170036,-0.12535892857235303
0.781248982733638,0.05991933737274305,-0.03350105088407242
0.7872063035091574,0.059955087301404426,0.049552191024616395
0.7935115360463759,0.06048720764219985,0.12200019650572874
0.8002714721622748,0.06152082804579245,0.18391464825774276
0.8069042687632315,0.06290827080135587,0.22976465432286916
0.8135046362810119,0.06455888763887956,0.26022928473323476
0.8202096404614827,0.06640564847073407,0.2758433168327927
0.8266014295672971,0.0682232153080181,0.2758874088314804
0.8328183906826608,0.06994823231520314,0.2624940015919794
0.8389898064391467,0.07153939722212682,0.23825753063717522
0.8446644734002987,0.0728387686181455,0.20691690816475852
0.8501047258659854,0.07388318501940637,0.16600137780838398
0.8556505342319282,0.07467978365755375,0.11185111047265876
0.8611291318388873,0.07513634817225286,0.04618914279577605
0.8667547555670165,0.07519883038100861,-0.03362920040445929
0.8726503652914588,0.0747492646161497,-0.13018861438227747
0.8786636250815775,0.07368369292539051,-0.22703718286953992
0.8849915266409322,0.0719570511112595,-0.3170907977778863
0.8917445242785804,0.06944852497189712,-0.402021971461136
0.8982948592360921,0.06639354496683515,-0.4733274116540734
0.9045263252174347,0.06298604044144884,-0.5291755831887145
0.9106279701845922,0.05924047776389515,-0.5725320325814811
0.9163140017156347,0.05545841749323625,-0.6010157354192713
0.9218160574933021,0.05162038253705271,-0.6158894378045101
0.9273435656634038,0.0476921993100206,-0.6175517817576032
0.9325888579869784,0.04399673128178008,-0.6073748180908607
0.9376994497981335,0.04050808186379596,-0.5877780211965243
0.9427865677383144,0.03720544495330318,-0.561096475866166
0.9475772832550596,0.03428717556269193,-0.5298400360413008
0.9523523517661396,0.03159995255555689,-0.4913030733584549
0.9573808819723177,0.029051055399360086,-0.4417108733171435
0.9624518741067156,0.026814761731781107,-0.38223883768298905
0.9677355536004618,0.02488216574761677,-0.31100725970963883
0.9733434292084788,0.02331069559236235,-0.22623968975356448
0.9789642076728508,0.022249281283028055,-0.13829274440263442
0.9846667107261584,0.02160762228348673,-0.0501337248571827
0.9905632449523454,0.021440132785616295,0.03547777228728216
0.9961938903936701,0.02182466418953418,0.10741502704327496
1.001639503579587,0.022566692711861704,0.16731842154812862
1.0070435415152763,0.023610580833206822,0.21772609500178178
1.012039233325583,0.024812832852527097,0.2568493735561583
1.0166986141430654,0.02610819556068181,0.28733786118360866
1.021129186823142,0.027470412542096437,0.31032380823668565
1.02517032444238,0.028797637613639827,0.3241416411723522
1.0291092573184812,0.03013561329665168,0.32869195037930865
1.0332226748649602,0.03153383438780688,0.3225928934394456
1.037402422033413,0.03290075381298948,0.30521859589449013
1.0418519662091201,0.03424155097874451,0.2759816139907426
1.0467288505054155,0.035521483383686506,0.23370953742662295
1.0516453892293114,0.03657316258204067,0.1824183386560555
1.0565185494850606,0.03735257807859248,0.12392634608080101
1.0613476821253927,0.03782174728724698,0.057172825835980524
1.0659948254361924,0.03793895355934653,-0.017764071507746178
1.0710097635090943,0.03766303934490359,-0.09929785934690734
1.0768495669729596,0.0368423050063146,-0.18553527329919045
1.083161893301378,0.03539877136436892,-0.2689604176515893
1.0896608834628527,0.03335094365213717,-0.34541230810893875
1.0963396460054955,0.030705267604802824,-0.4137220026153174
1.1028454688031757,0.02763716732434615,-0.4712145550607007
1.1092139745845286,0.024203035249015282,-0.5193602925933319
1.115463707582852,0.02046933610186133,-0.5586391948576539
1.1211269815783784,0.016822328858762364,-0.5862194815684818
1.1263137874179705,0.013311546630636004,-0.6040117114748172
1.1311173455422885,0.009962720260814042,-0.6127778344558844
1.1353419720420543,0.006993538993513071,-0.6101062921346988
1.139254732068545,0.004291917439536656,-0.5940893979177663
1.1430769835650039,0.0017806190019749096,-0.5614943709654857
1.1466701197440503,-0.00038230171651501793,-0.5127804023152591
1.150292454035169,-0.0022931460697373503,-0.449069757825203
1.1544486794833406,-0.004135276298529105,-0.3773708171486676
1.1588049286647386,-0.00570201541521316,-0.3047296830659575
1.163289783558968,-0.006952360573598607,-0.23171935954331704
1.1680437019626002,-0.007903259874357168,-0.15576899530068505
1.1729309256761833,-0.008497677615596992,-0.07898072947532532
1.1781902275367286,-0.008718078999840208,0.00261090085720469
1.1840219212363998,-0.008462461540129116,0.09250550360834472
1.1897714535801218,-0.00769160275238117,0.18165134891445475
1.1954316555009532,-0.006411690486094583,0.27082837520169273
1.201118798650188,-0.004571397937977808,0.36269277220148316
1.2064267774605781,-0.0023060490045358185,0.4514315227637771
1.211532551060057,0.0004321199562984349,0.5404863721910034
1.2165186356997704,0.0037179608758537257,0.6322707463100724
1.221051855592305,0.0073323412987798525,0.7213794288663068
1.2252464217458394,0.011336589910962968,0.8105169370638099
1.2291789491768068,0.015837718173895052,0.9023864239255017
1.2325870580435592,0.02053583416346652,0.9915963929436937
1.2355506764905997,0.02549661749762582,1.080452174128472
1.2381339793862072,0.030868994948879867,1.1721138188229014
1.2401633733258421,0.036296096683452996,1.2611923201713497
1.2417024679844881,0.041884072904936176,1.3502961071079718
1.2427620559838573,0.04776275656087668,1.4421238383553225
1.2432708097758838,0.053540299169445395,1.5312778650889054
1.2432630488885037,0.059342510502427656,1.620465286043363
1.242715415161682,0.06529148038080994,1.7123055978681632
1.2416704032494792,0.0709639217708227,1.8010219322500804
1.2401194237347124,0.07654526428887691,1.8900870871382744
1.2380078801187493,0.0821299227012349,1.981881425719417
1.235476465833679,0.08734484337155715,2.070999633667294
1.232490017154207,0.09231534023258475,2.1601422906471206
1.228961441569233,0.09713921364230343,2.252019375576772
1.2251260098939052,0.10149485557984327,2.341243187391237
1.2209523968692346,0.10549217674256173,2.4301224888458717
1.2162786075545358,0.10919550555469543,2.5218347951013285
1.2114293561118759,0.1123652090616451,2.61092345588398
1.2063155805112324,0.11509172464968145,2.7000372783438005
1.2008130723672732,0.11741414562886121,2.7918755973979748
