-2.0067620208403213e-05,4.795266778406827e-06,6.627352182682437e-05
-2.0070833757132416e-05,4.8141894436311695e-06,6.6571908988153e-05
-2.0074144700238036e-05,4.8336855667822e-06,6.687933889588611e-05
-2.0077358276361125e-05,4.852608317102898e-06,6.717772743805471e-05
-2.0080571865969087e-05,4.871531109323163e-06,6.747611666013387e-05
-2.0083882851189457e-05,4.8910273633301714e-06,6.77835486912423e-05
-2.008709646819304e-05,4.909950240656718e-06,6.808193929431442e-05
-2.009031009868323e-05,4.928873159890519e-06,6.838033057741297e-05
-2.0093621126018348e-05,4.948369544726396e-06,6.868776473148846e-05
-2.0096834783895484e-05,4.967292549045043e-06,6.898615739525728e-05
-2.010004845525923e-05,4.98621559526968e-06,6.928455073903436e-05
-2.0103359524716903e-05,5.005712110981743e-06,6.959198701679615e-05
-2.0106573223467594e-05,5.024635242294696e-06,6.989038174129634e-05
-2.01097869357127e-05,5.0435584155311616e-06,7.018877714607136e-05
-2.0113098047288593e-05,5.06305506210022e-06,7.049621554723087e-05
-2.0116311786924114e-05,5.081978320422349e-06,7.079461233268972e-05
-2.011952554005058e-05,5.100901620659171e-06,7.109300979829147e-05
-2.0122836693743824e-05,5.120398398085465e-06,7.140045032285438e-05
-2.0126050474258105e-05,5.139321783413011e-06,7.169884916921772e-05
-2.0129264268258992e-05,5.158245210649758e-06,7.199724869564083e-05
-2.0132575464074792e-05,5.177742118934245e-06,7.230469134362321e-05
-2.0135789285473035e-05,5.196665631267129e-06,7.260309225089225e-05
-2.013900312036309e-05,5.215589185523424e-06,7.290149383843621e-05
-2.0142314358297976e-05,5.235086224664842e-06,7.320893860982138e-05
-2.014552822057411e-05,5.25400986399933e-06,7.350734157794079e-05
-2.014874209634119e-05,5.27293354526677e-06,7.380574522648079e-05
-2.0152053376396896e-05,5.292430715260794e-06,7.411319212120553e-05
-2.0155267279559595e-05,5.31135448161475e-06,7.441159715044696e-05
-2.015848119620977e-05,5.330278289875185e-06,7.471000285970972e-05
-2.0161792518380225e-05,5.349775590710224e-06,7.501745187760107e-05
-2.016500646242255e-05,5.368699484076471e-06,7.531585896785987e-05
-2.0168220419954953e-05,5.387623419370183e-06,7.561426673845744e-05
-2.017153178425577e-05,5.407120851088392e-06,7.592171788015369e-05
-2.0174745769179457e-05,5.4260448714665585e-06,7.622012703142539e-05
-2.0177959767595822e-05,5.444968933750741e-06,7.651853686271237e-05
-2.0181271174012257e-05,5.464466496305129e-06,7.682599012750552e-05
-2.0184485199817304e-05,5.483390643685848e-06,7.712440133964987e-05
-2.0187699239120234e-05,5.502314832991576e-06,7.742281323209724e-05
-2.0191010687662693e-05,5.521812526414628e-06,7.773026862048213e-05
-2.019422475435604e-05,5.540736800820909e-06,7.802868189385034e-05
-2.0197438834541198e-05,5.559661117130752e-06,7.832709584719678e-05
-2.0200750325202743e-05,5.579158941386496e-06,7.863455335862973e-05
-2.0203964432782655e-05,5.598083342795013e-06,7.89329686928702e-05
-2.020717855385091e-05,5.617007786124122e-06,7.923138470734823e-05
-2.0210490086636744e-05,5.636505741266619e-06,7.953884434265021e-05
-2.0213704235101486e-05,5.6554302696960736e-06,7.983726173804739e-05
-2.021691839705804e-05,5.674354840038631e-06,8.013567981357008e-05
-2.0220229971972502e-05,5.6938529260580255e-06,8.044314157259322e-05
-2.0223444161325543e-05,5.712777581526494e-06,8.074156102942357e-05
-2.0226658364166927e-05,5.731702278879651e-06,8.103998116594985e-05
-2.022996998120568e-05,5.751200495752965e-06,8.134744504834854e-05
-2.0233184211438347e-05,5.7701252781941845e-06,8.164586656561069e-05
-2.0236398455162827e-05,5.789050102560822e-06,8.194428876318598e-05
-2.0239710114327604e-05,5.808548450287682e-06,8.22517547689577e-05
-2.024292438544944e-05,5.827473359766395e-06,8.255017834763485e-05
-2.024613867006482e-05,5.8463983111816445e-06,8.284860260679277e-05
-2.024945037135649e-05,5.86589678980232e-06,8.315607073654783e-05
-2.025266468336489e-05,5.884821826310262e-06,8.34544963765151e-05
-2.0255879008869437e-05,5.903746904718117e-06,8.375292269641021e-05
-2.0259190752288e-05,5.923245514190888e-06,8.406039294952018e-05
-2.026240510518123e-05,5.942170677698146e-06,8.435882065032838e-05
-2.0265619471571475e-05,5.961095883133972e-06,8.46572490314982e-05
-2.026893125711953e-05,5.980594623492015e-06,8.496472140846691e-05
-2.0272145650909734e-05,5.999519914033991e-06,8.526315117065263e-05
-2.0275360058190015e-05,6.018445246497797e-06,8.556158161309876e-05
-2.0278671885868432e-05,6.03794411773722e-06,8.586905611386947e-05
-2.0281886320544333e-05,6.0568695352923506e-06,8.616748793710897e-05
-2.0285100768712046e-05,6.075794994770754e-06,8.646592044063227e-05
-2.0288412638514754e-05,6.095293996863026e-06,8.677339706477488e-05
-2.0291627114078954e-05,6.114219541458512e-06,8.707183094948098e-05
-2.0294841603141905e-05,6.133145127970887e-06,8.737026551437528e-05
-2.0298153515079312e-05,6.152644260956288e-06,8.767774426250177e-05
-2.030136803153615e-05,6.171569932560765e-06,8.79761802082036e-05
-2.03045825614874e-05,6.190495646080362e-06,8.827461683406656e-05
-2.030789451554736e-05,6.209994909904952e-06,8.85820977053631e-05
-2.0311109072894233e-05,6.228920708534429e-06,8.888053571230399e-05
-2.031432364373465e-05,6.247846549093943e-06,8.917897439963242e-05
-2.031763563993018e-05,6.26734594381104e-06,8.948645739490708e-05
-2.032085023816188e-05,6.286271869449872e-06,8.97848974628526e-05
-2.032406484989667e-05,6.305197837026583e-06,9.008333821130457e-05
-2.032737688821909e-05,6.324697362596513e-06,9.039082332995965e-05
-2.0330591527346897e-05,6.343623415267194e-06,9.068926545925172e-05
-2.0333806179973456e-05,6.362549509863658e-06,9.098770826886741e-05
-2.0337118260426237e-05,6.382049166318784e-06,9.129519551139525e-05
-2.0340332940452753e-05,6.4009753460193356e-06,9.159363970200548e-05
-2.034354763396848e-05,6.419901567636716e-06,9.189208457280562e-05
-2.0346859756556826e-05,6.4394013549793575e-06,9.219957393924265e-05
-2.035007447747511e-05,6.458327661721707e-06,9.249802019135443e-05
-2.0353289211888677e-05,6.477254010378414e-06,9.279646712361964e-05
-2.0356601376609988e-05,6.496753928613352e-06,9.310395861403938e-05
-2.0359816138415705e-05,6.515680362377485e-06,9.340240692735185e-05
-2.036303091372104e-05,6.534606838078926e-06,9.370085592116505e-05
-2.0366343120577918e-05,6.5541068872009244e-06,9.400834953549168e-05
-2.0369557923280608e-05,6.573033447986134e-06,9.430679990999604e-05
-2.0372772739479447e-05,6.591960050684659e-06,9.460525096463908e-05
-2.0376084988470156e-05,6.611460230658175e-06,9.491274670233666e-05
-2.037929983206982e-05,6.630386918475539e-06,9.521119913820253e-05
-2.0382514689158693e-05,6.649313648202516e-06,9.550965225415109e-05
-2.038582698028063e-05,6.668813959047461e-06,9.581715011552284e-05
-2.0389041864774665e-05,6.687740773897165e-06,9.611560461275482e-05
-2.0392256762763114e-05,6.706667630670134e-06,9.641405979027679e-05
0.00044440402546332873,6.9169024397524895e-06,9.961631758518076e-05
0.0017632042100955495,7.023729364539913e-06,0.00010125105121662252
0.003938058879277789,7.123485795207157e-06,0.00010277902001454273
0.007067321432164546,7.148048417409047e-06,0.00010316846784717193
0.010942840967149228,6.962487756273813e-06,0.0001003737852667007
0.015590778243385867,6.358879371125315e-06,9.124479754827121e-05
0.021091316470126718,5.778860629127533e-06,8.24737860023423e-05
0.026985817050301595,5.368324587964729e-06,7.627029107408958e-05
0.033262605221510866,5.1428034555510335e-06,7.286996421086829e-05
0.03992960546053943,4.505972054789035e-06,6.323081876304692e-05
0.046407489070373335,3.8444374089163805e-06,5.319908332474418e-05
0.05294738897200869,4.586562893206358e-06,6.44469689036527e-05
0.05974436983924442,4.748346537717924e-06,3.2921262682784174e-05
0.06634016508597412,4.810316584251857e-06,-3.722454599427742e-06
0.07293673567631964,4.69672132679773e-06,-2.131653798227917e-05
0.07973413320949195,4.620989468588914e-06,-2.2454461060684117e-05
0.08633266800999838,4.6059225180375235e-06,-2.26642201506085e-05
0.09293229776996594,4.4247186720865635e-06,-2.538829095017328e-05
0.09973308923338846,4.178428928313413e-06,-2.909928191442984e-05
0.10633503977352769,3.93882215227461e-06,-3.271055413866683e-05
0.11293819150617379,3.6856617179500204e-06,-3.6527061802268514e-05
0.11974268270060334,3.39850516176956e-06,-4.0857646663571946e-05
0.12634763631240872,3.117271737090993e-06,-4.509888929268833e-05
0.13295155100715017,2.851996626243309e-06,-4.909923710261901e-05
0.13975313131449793,2.352261698793737e-06,-5.6659002679301145e-05
0.14634014236190648,8.909987796608515e-07,-7.879832449391331e-05
0.15289940394544974,8.785620682547549e-07,-7.896891777805374e-05
0.15969742996092826,4.1967199945853064e-07,-5.586098538630675e-05
0.16629281174594263,1.6489721345889582e-07,-1.7681098766266587e-05
0.17288870733395198,1.931581339323068e-07,4.090658767473733e-06
0.17968556774207595,2.5405979867056427e-07,5.036739917810695e-06
0.18628353124047264,6.727416507561216e-08,2.224692942642877e-06
0.19288254787139428,-2.4460209978925677e-08,8.472982622767995e-07
0.19968268812712422,-7.978039027688499e-08,2.0289958451549193e-08
0.20628400881725725,-1.324708573450204e-07,-1.5080767913078528e-06
0.2128865413584421,-1.8267861702864412e-07,-5.680628150797334e-06
0.21969044395638299,-2.8461192829026936e-07,-1.2281723471817041e-05
0.22629535554834654,-4.4455484244581015e-07,-1.908806061240461e-05
0.23290008200310156,-6.260621786849057e-07,-2.199321615839072e-05
0.23970331729316727,-7.427416397055525e-07,-2.374901069421134e-05
0.24630202271062673,-1.2255647482116106e-06,-3.1061701326410865e-05
0.25286815979518257,-1.787127682508618e-06,-3.9571719741821045e-05
0.2596516350057958,-1.7354940501074853e-06,-3.877034306083751e-05
0.26624661383968895,-1.8981120519014034e-06,-2.7519593858351405e-05
0.27284219056616643,-2.019305438088387e-06,-1.4900757683185237e-05
0.27963852290314656,-2.0504003576811668e-06,-1.1251477408526856e-05
0.2862359499997502,-2.163331315164728e-06,-1.2935402624599577e-05
0.292834397839576,-2.3293006290520454e-06,-1.5424740264352397e-05
0.29963390363888787,-2.4983755902868984e-06,-1.796166313896418e-05
0.3062345458119494,-2.674376469423932e-06,-2.0605910176351876e-05
0.312836349328227,-2.8692044238622995e-06,-2.353696378551817e-05
0.31963946979407404,-3.095496408616348e-06,-2.694550441002881e-05
0.3262437276637918,-3.342238131650708e-06,-3.066580948801828e-05
0.33284872794591,-3.596263555605156e-06,-3.449719358663361e-05
0.3396529426036019,-3.829898259635411e-06,-3.8020118753516506e-05
0.3462548532729698,-4.1937772273572845e-06,-4.352181895366942e-05
0.3528455055963743,-5.348750751485697e-06,-6.102189551464316e-05
0.3596019903864118,-5.369186453863607e-06,-6.131817859316754e-05
0.36599396345835755,-7.206441271178272e-06,-8.91358835943077e-05
0.37234918820085766,-7.423557861410198e-06,-9.263234126371293e-05
0.3791416505124255,-7.881897566126573e-06,-1.5699769513785886e-05
0.3857376025963613,-7.687483897183858e-06,7.690158704537626e-05
0.3923352077061047,-6.8723030543846e-06,9.16675748807363e-05
0.3991342892343349,-6.801487046648017e-06,5.2846740247136824e-05
0.405734693554844,-6.6404213202975045e-06,-3.1690988216314937e-06
0.41233599735350196,-6.771594626709817e-06,-3.177011870059803e-05
0.4191382372540831,-6.763836693401521e-06,-3.163016089740602e-05
0.42574149069529443,-6.785764310421941e-06,-2.3941397587615554e-05
0.43234588336110186,-6.954976274698273e-06,-1.655720272115969e-05
0.4391506993337914,-7.125142609699482e-06,-1.314541755543438e-05
0.4457541059645426,-7.268506783500102e-06,-1.0702251932133184e-05
0.4523545232475413,-7.639308504230624e-06,-1.5244614873320848e-05
0.45913013230871724,-8.630488634555361e-06,-3.026110987021537e-05
0.4657014606083684,-8.243313563219584e-06,-2.4369611402807014e-05
0.4722985841373136,-8.339284238312236e-06,6.474327576678446e-06
0.4790936427831038,-8.173293490161943e-06,4.016061196511296e-05
0.4856898652516297,-7.785447070130014e-06,4.624153166538068e-05
0.4922870102326537,-7.875566321942742e-06,4.4886289399223034e-05
0.4990851901060044,-7.6292301368827e-06,3.917269934873069e-05
0.5056845387594223,-7.412903853283311e-06,3.1996842919726846e-05
0.5122850077874548,-7.242528229046069e-06,2.4860624805429545e-05
0.5190866988018412,-7.1154159712527785e-06,1.829081078283776e-05
0.5256895452280892,-7.042037529477511e-06,1.2832037871264852e-05
0.5322935984161086,-7.016692204901136e-06,8.342018829481501e-06
0.539098762039668,-7.036246633832871e-06,5.351951042575211e-06
0.5457031615338298,-7.005063673166363e-06,5.8359266435716215e-06
0.552305724274281,-6.9684091141015185e-06,6.4026621666396885e-06
0.5591009505650053,-7.428420573899175e-06,-5.65821337695969e-07
0.5656586584277021,-7.437307911815346e-06,-6.983442414811557e-07
0.5722517192087643,-7.292595694092256e-06,1.5098082038791333e-06
0.5790469241326595,-7.1508122536134955e-06,1.2647642067990158e-05
0.5856426991182173,-6.996476991128022e-06,2.2394810106431575e-05
0.5922393455842625,-6.860054129702346e-06,2.4486651138597345e-05
0.5990368920644655,-6.828356303381217e-06,2.498882586928551e-05
0.6056355556710509,-6.756955984451504e-06,2.6087543052796365e-05
0.612235302478888,-6.659759951902906e-06,2.7574388303458537e-05
0.619036240051107,-6.558464762760489e-06,2.9112155456602183e-05
0.6256383769226248,-6.3999254098618345e-06,2.8042872664294024e-05
0.6322417539719704,-6.2644156317194835e-06,2.3525821425124327e-05
0.6390464886957692,-6.178860337209586e-06,1.6872614456053235e-05
0.6456514786314052,-6.160009062844237e-06,1.2595307567754702e-05
0.6522552479852443,-6.093758601894057e-06,1.3582848574465488e-05
0.6590562015354069,-6.136074665872482e-06,1.2948465656261738e-05
0.6656370557696342,-6.753286949558835e-06,3.597364160781939e-06
0.6722011456174242,-6.1708864642750465e-06,1.2423537999251117e-05
0.6789994090131949,-5.904945667426965e-06,1.6479629318177423e-05
0.6855948753959844,-5.765025324024531e-06,2.333716749607387e-05
0.6921910431199354,-5.60789792090985e-06,2.5764409387908545e-05
0.6989880286530624,-5.521036266193846e-06,2.7104463034981512e-05
0.7055861056956293,-5.4245856760583045e-06,2.8585882021352628e-05
0.7121852413356878,-5.30864342262569e-06,3.0359981867781506e-05
0.718985506117265,-5.179945643746531e-06,3.2324932871399226e-05
0.725586950967867,-5.047685278272435e-06,3.428555315549335e-05
0.7321896162279609,-4.8556428830603074e-06,3.374177367281359e-05
0.7389936622479247,-4.682322882261701e-06,3.0065790464874157e-05
0.7455986543345492,-4.560603820306223e-06,2.4922897794752874e-05
0.7522032275025028,-4.48847427739108e-06,2.3617949148242736e-05
0.7590061446492431,-4.341575270928834e-06,2.5854154355249106e-05
0.765603145100423,-4.508868384378043e-06,2.3321448724482338e-05
0.7721422506484366,-7.848523992906363e-06,-2.899857391243497e-05
0.7788543926625362,-7.3813026016339935e-06,-2.227974125835874e-05
0.7854518933279896,-7.4628834410949995e-06,1.1264445408789444e-05
0.7920472403412948,-7.242383918041432e-06,4.350725142430237e-05
0.7988435275642852,-6.958475046196743e-06,4.7826799115615516e-05
0.8054409585823912,-6.965815866625086e-06,3.8347568065881536e-05
0.8120395099125518,-6.786073251321362e-06,2.13344650789851e-05
0.8188391319718108,-6.702033254366783e-06,8.657231712603315e-06
0.8254398276657884,-6.674221965751677e-06,5.8813497723847e-06
0.8320416414463379,-6.60324853975997e-06,6.969290909820146e-06
0.8388447725880387,-6.590369892914982e-06,7.179309972135758e-06
0.8454490668946938,-6.6385800310202165e-06,6.220808147305783e-06
0.8520541054651409,-6.670941101792238e-06,4.5537454528087075e-06
0.8588583371270356,-6.638108631881679e-06,5.063281248151279e-06
0.865460209076415,-6.669582438379713e-06,4.595769265071222e-06
0.872050423596312,-7.442195602132435e-06,-7.110256737263626e-06
0.8788066380916794,-7.0189004753463644e-06,-6.912376161058765e-07
0.8854048235686997,-6.812947190844977e-06,2.8538173547207905e-06
0.8920006167980106,-6.781378520955189e-06,1.643873429276398e-05
0.8987964491053108,-6.5974744310949414e-06,2.2990102730667352e-05
0.9053933111410774,-6.5744033921753575e-06,2.3361079543202898e-05
0.9119911443952159,-6.573074682927522e-06,2.3396983022026346e-05
0.9187900101898823,-6.502345177534271e-06,2.4480559933806945e-05
0.9253900359329028,-6.410400932112151e-06,2.5609021183060966e-05
0.931991241701406,-6.268428951008419e-06,2.3348697934116033e-05
0.9387937575836799,-6.155959455537787e-06,1.7192148752420054e-05
0.9453974488439721,-6.10586934230105e-06,9.499998489070778e-06
0.9520022659340959,-6.119184108560246e-06,2.969748420128627e-06
0.9588072139733205,-6.166605718450892e-06,1.737207074062109e-06
0.9654105230460331,-6.103430126800101e-06,2.7063872197154235e-06
0.9720101146365656,-6.347302872898983e-06,-9.840170534386912e-07
0.9787793413174319,-6.854358889361596e-06,-8.662861114952257e-06
0.9853577888057853,-6.58921797730121e-06,-4.63865288171851e-06
0.9919536367275121,-6.459481192566739e-06,5.017127976566059e-06
0.9987489765704031,-6.361595434501282e-06,1.8338722189728043e-05
1.0053453335041824,-6.180910809395266e-06,2.1646654754176142e-05
1.0119426249405996,-6.1705132354529546e-06,2.1827157464868177e-05
1.0187408836465224,-6.129419778971045e-06,2.2468765574448365e-05
1.025340275482885,-6.0542648749075815e-06,2.3623397012996955e-05
1.03194078815355,-5.975303595887308e-06,2.483287960284571e-05
1.038742558072785,-5.8730258011427185e-06,2.5428402487769524e-05
1.045345523976944,-5.745119225664704e-06,2.2674011964204113e-05
1.051949726159043,-5.6589373625207406e-06,1.7247276548628957e-05
1.0587549434297396,-5.629880007751975e-06,1.1561740644616834e-05
1.0653592182517428,-5.616167860060414e-06,1.1382184061293927e-05
1.0719614611805284,-5.562565474920652e-06,1.2203826895991134e-05
1.078753967608184,-6.122772301177972e-06,3.716426062427547e-06
1.0853104742506403,-5.793861509748535e-06,8.699712135703277e-06
1.0919060441399937,-5.5980362819816e-06,1.1685622735584235e-05
1.098701632297823,-5.412747296426593e-06,1.7914953680644084e-05
1.1052975360321398,-5.249456583012032e-06,2.1506861425086763e-05
1.1118942986224376,-5.169062546932078e-06,2.2749882914202173e-05
1.1186919686401362,-5.101438491480552e-06,2.3797466278782755e-05
1.125290761938307,-5.017170588050648e-06,2.5093342288042984e-05
1.1318906388241943,-4.922896099666165e-06,2.6538503778195232e-05
1.1386917084483856,-4.822448558074116e-06,2.8074907612427345e-05
1.1452939678997112,-4.706436382012501e-06,2.9262914147509428e-05
1.1518974675365456,-4.5566513319329785e-06,2.7577878510846938e-05
1.1587023081537,-4.437359513870645e-06,2.3462325116158215e-05
1.1653072080616391,-4.372485628850899e-06,2.0984727330485872e-05
1.1718116672085972,-4.049997226966747e-06,2.5889399794114253e-05
1.178348723333166,-1.881130339159824e-06,5.874981505421165e-05
1.1845810003995925,-7.790472853624969e-06,-3.0780442802780344e-05
1.190824715815452,-6.53263381834381e-06,-1.1721647099838286e-05
1.197433314906921,-6.115626732504118e-06,-5.384541511855597e-06
1.2040272873775113,-5.973423715863279e-06,1.0168054884205956e-05
1.2106233451111623,-5.807351790496262e-06,2.0950586853692253e-05
1.2174203010317393,-5.779680332330707e-06,2.13909827667564e-05
1.2240183592301157,-5.862851190173052e-06,2.0143333157204088e-05
1.230617488951851,-5.813106567819949e-06,2.0021420851489194e-05
1.237417774565184,-5.703030781529567e-06,1.7898038055664645e-05
1.2440192539521477,-5.620345044419489e-06,1.2592587941704901e-05
1.2506219389288367,-5.587046075729865e-06,5.711134110896246e-06
1.2574259698674952,-5.6123935756023835e-06,-4.028164572767258e-07
1.2640309253735924,-5.684899842017376e-06,-3.2845108977838575e-06
1.2706354796698853,-5.676443977194629e-06,-3.1436422680331515e-06
1.2774384263135319,-5.676326591486423e-06,-3.1283111970056404e-06
1.2840358709359128,-6.118656618893692e-06,-9.827391127873071e-06
1.2905976076789134,-6.467567583973728e-06,-1.5106899354816069e-05
1.2973857681275411,-6.346535475570537e-06,-1.325910878076017e-05
1.3039806159300764,-6.314631875529435e-06,5.132306801207515e-06
1.310576225306485,-6.187791789759326e-06,2.3473801432743097e-05
1.3173726445352256,-5.986467639763701e-06,2.6548529326546876e-05
1.3239701366240344,-6.047672330307539e-06,2.563803447479141e-05
1.3305686517000055,-6.010448169561675e-06,2.6212377664301507e-05
1.3373682677936474,-5.882842626920116e-06,2.7093224371121894e-05
1.3439690758234393,-5.731195048881595e-06,2.444518086871139e-05
1.3505710906132502,-5.6114041924765426e-06,1.8150334744060725e-05
1.3573744430469943,-5.549053112660579e-06,9.964096661939617e-06
1.3639789068024866,-5.556048749650711e-06,2.820890708181667e-06
1.3705839443125554,-5.622325361348972e-06,-4.0304047830816724e-07
1.3773880161436345,-5.591744096279867e-06,7.239904392138335e-08
1.383989519919893,-5.690378214578768e-06,-1.4135457356948142e-06
1.3905763701030114,-6.6173342392574865e-06,-1.5457674104910707e-05
1.3973347653181178,-6.1413704851883485e-06,-8.244761870902239e-06
1.4039334296127202,-6.018158167456095e-06,-3.5100841044812117e-06
1.4105290096740932,-5.998674038409946e-06,1.1685103170211414e-05
1.4173249127808714,-5.842360777148717e-06,1.9787742485348763e-05
1.4239218703208107,-5.770435902982337e-06,2.0901630363463754e-05
1.4305198098614813,-5.7561856727520574e-06,2.113814398262345e-05
1.4373187843958954,-5.6982701381395445e-06,2.203292681911291e-05
1.443918903576036,-5.626146350572857e-06,2.3139858419247736e-05
1.4505201863839108,-5.5557509488568075e-06,2.4208711092032472e-05
1.4573227805125206,-5.429593996961781e-06,2.2788411235879482e-05
1.4639265620768742,-5.334358071089294e-06,1.8254339489452224e-05
1.4705314614892546,-5.289716783521736e-06,1.223828981943922e-05
1.4773363240614892,-5.3009000150166985e-06,9.978586055528922e-06
1.4839394524605867,-5.222510143587902e-06,1.117705461361229e-05
1.490538160888108,-5.429595691452698e-06,8.042723620051648e-06
1.4973027837087163,-5.665868406099065e-06,4.462073134460519e-06
1.5038869934778982,-5.464526740406879e-06,7.51857315613007e-06
1.5104820188970478,-5.165853295278166e-06,1.209128386462734e-05
1.5172775273715269,-5.049552579042601e-06,1.8684556222786962e-05
1.523873979569009,-4.938602098738421e-06,2.0391529285015076e-05
1.5304713643606274,-4.887509301909103e-06,2.1189223498941566e-05
1.5372697318040254,-4.821952378769603e-06,2.220372565886385e-05
1.5438692302064898,-4.74485818792701e-06,2.3390177852485954e-05
1.550469847968209,-4.664033994147486e-06,2.4630498500223146e-05
1.557271721371106,-4.577492904510204e-06,2.5955185759882314e-05
1.5638747858933961,-4.460509968496814e-06,2.5907568535100757e-05
1.5704790800800545,-4.346417779242315e-06,2.3189785261498246e-05
1.5772063471606435,-4.250842639026738e-06,2.271770228544708e-05
1.583469939135966,-3.200625555303059e-06,3.8490867213796704e-05
1.5894646923036195,3.837957796175341e-06,0.002615531058908725
1.5955313080980802,4.2576513721704845e-05,0.008379500737616606
1.6013150874788458,0.00012129053897705634,0.01506641053784473
1.6071238107116905,0.0002366872082364859,0.023751950830284398
1.613259095010987,0.00041859759429881404,0.0367434276073827
1.6193873439609592,0.0006944680490746855,0.055977929550910785
1.6257202359603722,0.0011191577565794113,0.07943650693106895
1.6321538094261916,0.001689035629785542,0.09639543811286243
1.6383068694913991,0.0023064960333827214,0.10181921486889696
1.64442293806518,0.0029209056874542555,0.09546879726775861
1.650908794151406,0.0034931763459701355,0.07813303200122268
1.657624660440308,0.003959199369451065,0.05932448729619766
1.6642672222441761,0.004312594420671133,0.04821367499433814
1.6709716107991521,0.004629030613211937,0.04813188524064377
1.677308808975939,0.004956110846843209,0.0563638350555221
1.6836067142837845,0.005340050054063579,0.06594695319327029
1.6902302750516072,0.005800713212108982,0.07312691908016357
1.6967807381149973,0.006293830135866708,0.07640568460803707
1.7033544598211834,0.006794281273946841,0.07479342566834252
1.7101527681569422,0.007290396590160503,0.07040670685146622
1.7167484814368412,0.007744904784618484,0.06690354554990428
1.7233350390426068,0.008181473101264398,0.06552794734566944
1.730113216833425,0.00862741160825932,0.06604297056969971
1.7366839516870214,0.00906589208023203,0.06735283083924702
1.7432575470331746,0.0095124909534541,0.06840555738558855
1.7500370064874236,0.009978276953972801,0.06882177038136049
1.7566229299850211,0.01043186970227928,0.06870718692987181
1.763211969942511,0.010884281914270988,0.0683917365589259
1.7700011980684116,0.01134839987029108,0.06811231252417319
1.7765899287916236,0.011797363927529262,0.0679696394068915
1.7831776838321207,0.012245842730536584,0.06793426545572001
1.789957331279726,0.012706983798000704,0.06784383422505319
1.796544878715992,0.013154775723885759,0.06786992274187673
1.8031298041733466,0.013602504765393111,0.0679174269269486
1.809912176189001,0.014063895920270738,0.06797709970618837
1.8164792388547906,0.014511877705660581,0.06820556908255077
1.8230095297983198,0.014960292792757518,0.0688324286668608
1.8297833835140584,0.015427759964576106,0.06889404077725986
1.8363661705077932,0.01588127456945162,0.06867907081661966
1.8429500609352851,0.016333365326429976,0.06844197234798388
1.8497342400967447,0.016797791447326866,0.06826166294889861
1.8563196440290854,0.017247650961236705,0.06815344283015183
1.8629059318049326,0.017696993686243907,0.06809361360691348
1.869692714022716,0.01815967685300511,0.06805843968239729
1.8762803260466039,0.018608580711465306,0.06802972530516355
1.8828680243110214,0.019057254621415793,0.06799511161482222
1.8896534247312193,0.01951958797447694,0.06792539734420104
1.8962377909576764,0.019967120984041808,0.06783176547328926
1.9028238465012854,0.020414435144779558,0.06778443419028432
1.909608051769679,0.02087488784934684,0.0677673729204166
1.916188362096874,0.021321519286766084,0.06781290287285124
1.9227331570897295,0.021767653180046562,0.06826928633934383
1.9294809201363083,0.022230957759133096,0.0686817442667925
1.9360633376107237,0.022683588272580178,0.06865457143732953
1.9426454536230107,0.02313593173010056,0.06858531117387169
1.9494280513107285,0.023601582304975867,0.06851491717807742
1.955904549577765,0.02404580616738969,0.06845560914064895
1.9619486868811817,0.024460815319472515,0.06823447263946948
1.9677663173720736,0.02486738944864676,0.07444362312554308
1.9732134990158998,0.025311796861524904,0.0925443932195558
1.9783356173813427,0.025849040825730047,0.12175821074022718
1.9831343370717995,0.0265176944713053,0.16129102499247255
1.9872778361560965,0.027274592659959376,0.20804224259020632
1.991023741842966,0.028158921072787176,0.2651281174324318
1.9949416597512921,0.029345286574834383,0.33042643274554423
1.9990151407004702,0.030883269314956215,0.39917325413275845
2.003349412557417,0.032885101844969275,0.47383883811450445
2.0079881197854457,0.03548739351715881,0.5564001331635933
2.0124831052751064,0.03852572115300309,0.6402352865318829
2.0167618887033236,0.04197770578957264,0.7250827121449495
2.0208769401685887,0.045931526509768374,0.8131205903644685
2.024643232075871,0.050249231441423084,0.9012579831204867
2.0280525502993623,0.054937811221860006,0.9903422208217657
2.0311154639901208,0.06006752888639984,1.0821505554109172
2.0336273666974183,0.06529640850296443,1.1712837115274122
2.0356644374896855,0.07073032957595157,1.2604478370646262
2.0372491939514052,0.07649689762437815,1.3523389280227316
2.038269180381966,0.082172659332831,1.4409982530129266
2.0387840324168884,0.08794282427168543,1.5300338971677607
2.0387754805698557,0.09391431244984816,1.6218075894516177
2.038243743378386,0.09968775439103722,1.7109065023802408
2.0372163586710768,0.105393645174412,1.7909712730896157
2.0357298466025933,0.11116965639529303,1.856926490458534
2.0339403185080047,0.11674963197532792,1.9066040393505244
2.0318402665331643,0.12243036191207543,1.9435042229089532
2.0293746496823117,0.12849026505722067,1.970764450377537
2.0266996246344315,0.13466485388961463,1.9882850095191795
2.0237915928563885,0.14113231357636008,1.9977464153130013
2.0206506529184796,0.14801665210601853,1.9988007122457043
2.0175772284694014,0.15480619495250883,1.9919947113758303
2.014602512807311,0.16156723625745067,1.9791672059282852
2.0117203836014723,0.1683907317866239,1.9612926760159226
2.0090792184723383,0.17499006024384772,1.937537335101873
2.0065912612616366,0.18175222702671176,1.9051512316943913
2.004213466897207,0.1890630327772508,1.8612785283932218
2.0021588207962218,0.19660485381777598,1.8085976961077221
2.0004579331531427,0.20458329432067138,1.748101686391969
1.999051383688924,0.21304256434497665,1.680897012102994
1.9979079547947811,0.22121443703658297,1.6135914417926707
1.997132375997894,0.2292081164970784,1.5453090645685992
1.9969032251152714,0.23698847592109382,1.4771732434466134
1.9972954986586962,0.24379467506124702,1.4172676848707622
1.998288305748425,0.24994480494408322,1.3655214062496315
1.9996251430168588,0.25576621902910707,1.3217030358539001
2.0010275607191033,0.26093437806470077,1.2872115369108168
2.0024619011944234,0.2656410890420193,1.2607604624202768
2.003949332216043,0.27014761977627216,1.2414123074021235
2.0053975330862523,0.2743205075968933,1.229918696195194
2.006862160508554,0.2784293322173966,1.2262684254029153
2.008390756471236,0.2827212606486749,1.2316092749801986
2.0098836559350306,0.28703770048861565,1.2464707634194312
2.0113496631747663,0.29155518782127193,1.2713659259038552
2.0127671293398506,0.2964086664060326,1.3071834764319186
2.013975786228917,0.30123009965194714,1.3501943533339344
2.014963698246525,0.30600222884645484,1.3983877345922948
2.015686454849667,0.3107626652802788,1.4516075617795778
2.0161370338902067,0.31550488630130125,1.50546787986855
2.016344166771566,0.32063469990039584,1.560933162816996
2.0162572268889862,0.32611103204537417,1.6170335564225642
2.015901869718854,0.33126889375335106,1.6657722172270282
2.015347434866374,0.33610194448038955,1.7077155498971497
2.014618591874353,0.34080622999085003,1.7439525460294434
2.013776142959574,0.3452702754446829,1.7724082514196178
2.0128038317972177,0.3497815178935572,1.7938377936226966
2.011668551996999,0.3546063809529428,1.8087479119021215
2.0104459298354684,0.35954671393661186,1.8166290366563205
2.009110831420793,0.3648384110506163,1.8175742129931807
2.007642632423816,0.37072748009594303,1.8107593784334515
2.006156206965637,0.37695487973800573,1.797485094419006
2.004698188403949,0.3834748861965678,1.7833713201127048
2.003340681837832,0.38995248416885686,1.7705146290934437
2.0021123033121477,0.3962559612138892,1.753882492453676
2.0009962308106197,0.40265589264068824,1.7291489788163983
2.0000794276688003,0.40901606778671723,1.6935056107474296
1.9994686308360123,0.4148474361219065,1.6507932338731852
1.9991471264155436,0.42044591573344064,1.5979717595803777
1.9991492731202178,0.42653720959347774,1.5393009881963804
1.999529357891687,0.4331146394999824,1.483906113220402
2.000259151581236,0.4398014711478636,1.4393862814586869
2.0012674934112105,0.446616405958609,1.4089188603285057
2.0023999991808217,0.45321236396429304,1.3939644625304466
2.0035817666036553,0.4597606244013928,1.392750063023865
2.004761636034889,0.46648415947450544,1.4045894586742602
2.0057976535018516,0.4730412301979377,1.4272426468918726
2.0066578601392346,0.4796334286340695,1.458888826012242
2.00730216237046,0.48638353657080985,1.4978144758054552
2.0076759502814667,0.49278399818092006,1.5387235460467574
2.007748644602017,0.4990966586198593,1.5835480375183981
2.007524433959998,0.505481059389499,1.6323084480671641
2.0070393577891634,0.5114208602280252,1.6749582429461554
2.006370787351388,0.5169523137463589,1.7090995088267995
2.0055609498903624,0.5222768984497813,1.7351847934455884
2.004702348960735,0.5272095388273271,1.7507694594176035
2.0038150291626367,0.5319912420959274,1.7559896898302594
2.0029090536655856,0.5368725534246254,1.7490696624558983
2.002077221535223,0.5416968297858629,1.7294787866228973
2.0013523509615,0.546672879139038,1.695969285006939
2.0007989780164297,0.5519885486608864,1.6468217896813444
2.000515294230911,0.5575775642398875,1.5924944960319236
2.0005347406966467,0.5637381651946236,1.5396357142545831
2.0008949212889053,0.5703590408112451,1.4910226577410486
2.001547887686671,0.5768986646129306,1.4506176129940354
2.002441331407187,0.583404113610416,1.417311628583635
2.003526727168343,0.5898676837139227,1.3909547329446514
2.004648407085319,0.5957392514774968,1.3728450299383794
2.005769842731285,0.6011778870012426,1.3628395807262248
2.00687620781555,0.6063996912765541,1.3636349666559577
2.007858027072711,0.6111865383369639,1.3777004119109502
2.008702361405155,0.615779079706817,1.406805073506637
2.0093719345902126,0.6203611009805681,1.453632180475885
2.0097711825273925,0.6247174326071798,1.5140595275490212
2.0099039943662267,0.6295072886980281,1.5768588050137324
2.009714987928588,0.6350087138058066,1.6368242307109107
2.009193887471938,0.6407691499592189,1.687037546458685
2.0083634603357736,0.646850193732091,1.7268116346436069
2.0072570785696993,0.6533136113585141,1.7530439609174127
2.0060406396110344,0.659697143969595,1.7634445473068372
2.0047810791829384,0.6661752472268688,1.7593924186633347
2.003535226139549,0.6729743045570715,1.7407832538070822
2.0024770834045214,0.6796708561260959,1.7096030021585955
2.001664459165468,0.6864025757151039,1.6680935562763055
2.001107381851038,0.69351416042034,1.6282566794948268
2.0008114099039815,0.7005872288286281,1.5967602747075842
2.0007056071575673,0.707773285195606,1.574781988332201
2.000724555845197,0.7150733327118854,1.562586479979901
2.0007926529175517,0.7218461548138693,1.5601709527318608
2.0008542501111437,0.7284146647938644,1.563173868025955
2.0008936473833963,0.7351802012632004,1.5670919022603305
2.0009085546626943,0.7417520344378645,1.5702549900137253
2.0009052747676592,0.748322180002594,1.5725133734841612
2.00088927317421,0.7550634752684818,1.5737439376388007
2.000866561585165,0.7616383984451325,1.5749345242473933
2.000835743254546,0.7682280434126457,1.5760892818536607
2.0007965948150725,0.7750202234254941,1.5770957455153476
2.0007525197811225,0.7816148929236261,1.577904702909749
2.0007040244329306,0.7882102301612381,1.5786136892256701
2.0006522266895765,0.79481640613416,1.5785472748165206
2.0006053405076143,0.8010626481418883,1.5778857983258017
2.0005627003023947,0.8073163513234006,1.5770471014550793
2.0005261179097777,0.8139051011259071,1.575057157555268
2.0005084404981974,0.8205109501310378,1.5713711734395959
2.000512399138614,0.8271314824451725,1.56892509206567
2.0005249711192667,0.8339262020901852,1.569227428253067
2.000528621801258,0.8405028674587662,1.5715324839132596
2.0005166951493067,0.8470830882142426,1.573706656983294
2.0004944966078724,0.8538823286250069,1.5742632588812386
2.000474110887666,0.8604993079912779,1.5732272734152715
2.0004629058284995,0.8671149903741419,1.57160770542085
2.000460420699321,0.8739238400041097,1.5706667366764673
2.000460727912253,0.8805241080399768,1.5708611903645067
2.0004580194962065,0.8871198699661302,1.5717331309243754
2.000449245417925,0.8939164776849218,1.5725135147618026
2.0004363587459957,0.9005102450160352,1.572779611913131
2.00042294418166,0.9070773528392431,1.5729036024509482
2.000409738051017,0.9138744859088794,1.5725215188792454
2.0003999471900102,0.920475798896895,1.5720421253431376
2.00039260833133,0.9270764395824669,1.5717936129760999
2.0003858772354763,0.9338760182669406,1.5718398556919884
2.000378400240776,0.940475156863419,1.572009947842254
2.000369949300557,0.9470751034755092,1.57214107597475
2.0003606516511994,0.9538757527713401,1.572171904262099
2.0003517337892966,0.9604741732680586,1.5720702195000917
2.0003435490350605,0.9670754053809527,1.5719730491552728
2.0003357245076665,0.9738763609360911,1.5719132328195775
2.000328391178881,0.9804775678209687,1.5718997208036014
2.000321072964,0.9870786879425635,1.5719232076293235
2.0003133367009194,0.9938790340852061,1.5719704347714658
2.0003054610509867,1.0004756434275854,1.5720540020821767
2.000295849324046,1.007056991463433,1.5722907464959284
2.0002853824227356,1.013850450425925,1.5723695777051694
2.0002752390354597,1.0204485205025202,1.5723059671585085
2.000265633949811,1.0270474461616648,1.5722104323040633
2.0002563179720667,1.0338472615706207,1.5721380609042055
2.0002476354097207,1.0404478828426595,1.5721026777090186
2.0002391286417134,1.0470488600182373,1.5720864153781964
2.0002304806125926,1.053849984309043,1.572069819307375
2.0002217028690006,1.0604504325286894,1.572035318624302
2.0002138499415336,1.0670490803431762,1.5719665885991638
2.0002059646681656,1.0738498370696767,1.5719215578502708
2.0001986274990147,1.0804507433631279,1.5718894819047353
2.0001914788005903,1.0870522185538416,1.571871359823661
2.0001842065959425,1.093853352413971,1.5718747164667206
2.000177128828525,1.100452989438297,1.5719064819722248
2.000168851118324,1.1070447185574084,1.5720268353304985
2.0001596670522104,1.1138266707272173,1.5722629085424975
2.0001499999606964,1.1204255190494117,1.5722856214523784
2.0001402590363897,1.1270235422294597,1.572272066637878
2.000130331240848,1.1338223219704864,1.572254307598167
2.000120807379374,1.1404222494667746,1.5722379147342083
2.000111418512191,1.1470230261425831,1.5722189835617175
2.0001018937886075,1.1538242230799716,1.5721910674081958
2.000092584307613,1.1604255038174713,1.5721530181395624
2.0000837037561316,1.1670238499631609,1.5720629317413302
2.0000752436166302,1.1738246243411083,1.5719953508697373
2.000067511992017,1.1804255561838393,1.571930047391301
2.0000602232669413,1.1870270370546923,1.5718661027668186
2.000053151849844,1.1938288026619799,1.5718142615849762
2.0000480877408946,1.2002140594034925,1.5714853466245593
2.0000419671681824,1.2066807111531062,1.5719667956197405
2.0000327011268606,1.2134208707662582,1.572179709459043
2.000024343118032,1.219977114464966,1.5718770561083095
2.0000203701487913,1.2265813581410505,1.5708821777428976
2.000022421927925,1.233385633294281,1.5700921476458152
2.000027117672714,1.2399846758670223,1.5700891579619194
2.000030009074404,1.246579172960191,1.570704576783091
2.0000287279611357,1.2533740799611246,1.571335803173235
2.0000246094921015,1.259973521430347,1.571466746710699
2.000020956364834,1.266576914300024,1.5711191466966492
2.0000205752534437,1.273377319492481,1.5705877217896067
2.0000226234265774,1.2799793821335985,1.5703573343422392
2.0000249448250838,1.2865789356183828,1.5704746389671569
2.0000264580373868,1.2933783587249694,1.5707668791935687
2.000026070528103,1.2999784105161338,1.5709763711702147
2.0000245138242185,1.3065785701865928,1.5710039608947848
2.0000227303734834,1.313369208882581,1.5710320566937717
2.0000207186530115,1.3199503743157213,1.5711652254995792
2.000018644436722,1.326550087559903,1.5710805880576586
2.0000172406387056,1.3333489939618473,1.5709326747259673
2.000016723913318,1.3399482015495057,1.570845142858501
2.000016636195258,1.3465478239344777,1.570845923279472
2.0000159574971668,1.3533479400139599,1.5708750696765057
2.0000153016293187,1.3599485151379664,1.570890002612976
2.0000148632051924,1.3665503309136695,1.570896259155222
2.0000139910467145,1.3733505878463055,1.5708569610949377
2.0000137558227857,1.3799509067902638,1.5708003494792084
2.0000138507451264,1.3865515032063127,1.5707534135234225
2.0000142152508067,1.3933526568697854,1.5707284472246579
2.000014456732913,1.3999540101334689,1.5707246761858535
2.000014692943062,1.4065548654049413,1.5707302962334064
2.0000151240048525,1.4133548131127456,1.5707597410489822
2.0000151534650334,1.4199529982019095,1.5708244172957306
2.0000146552286573,1.426550103920159,1.5708952249339931
2.000013857296375,1.4333473266923376,1.5709455829901073
2.0000128455969812,1.439945167129234,1.5709686532890228
2.000011988170257,1.4465441106829942,1.570981616962647
2.000010855949439,1.4533441456059109,1.5709921096819006
2.0000094657092617,1.459945018322374,1.5709791031315887
2.000008401721953,1.4665463129701204,1.5709484142937888
2.000007223514444,1.4733474931353328,1.5709025499435236
2.000006799070997,1.479945123391279,1.5708042119930388
2.000006782589146,1.4865465757805527,1.570760442133473
2.0000071248482802,1.4933474508196334,1.5707253692476362
2.000007672412547,1.4999488776094023,1.570700881838503
2.000008214942407,1.506550152660149,1.5706924462577736
2.0000086280459572,1.5133510446905918,1.5706870586821204
2.0000091364660926,1.5199507730367334,1.57071038107654
2.000009586922036,1.5265466554932148,1.570792383378538
2.0000094566907527,1.5333447449447095,1.5708495247693706
2.0000089911803007,1.539942154415859,1.5709024235659896
2.000008211559643,1.54654020980778,1.5709451767707459
2.0000071720220136,1.5533394548163526,1.570976419264686
2.0000060415618597,1.5599397165075664,1.5709942187855843
2.000004827809725,1.5665406477174217,1.5710065622546308
2.000003483222088,1.5733417506349445,1.5709981221716391
2.0000019228088672,1.5799415295340336,1.5709535405115589
2.000001121098823,1.5865411178622966,1.5708919721589605
2.0000006262813197,1.5933417081035013,1.5708316260262356
2.000000563561595,1.5999429814942876,1.570774460631907
2.000000923781777,1.606256652272444,1.570787496021362
1.9999898485676393,1.6126623069682742,1.5761352699260476
1.999918019494243,1.6189853541319392,1.5905953703398705
1.9997226018160068,1.625510380128336,1.6140733728020449
1.9993161056907163,1.6325014049172055,1.647364992062994
1.998646866360519,1.6395422262540174,1.687665157073012
1.9976886770969573,1.6465294392842431,1.7293793594413935
1.996468050264902,1.6535215483504628,1.7698937113436348
1.9951204712968433,1.6601506639505657,1.806364297296589
1.9935588199980758,1.666734835191113,1.839173195454142
1.9916442289187213,1.67341906072679,1.8666736056543685
1.9896288593568676,1.6798307666636896,1.8850099233450022
1.9875242970671751,1.686218976244283,1.8923072992234016
1.9853287229927976,1.692846451402726,1.8858832950447546
1.983258063535722,1.69939133447272,1.8644884062983687
1.9813507195789453,1.7060813494750215,1.8275133887462738
1.979687248195564,1.7130932220479462,1.773801985750249
1.97849130807423,1.719886221344292,1.708675231253411
1.977742986051373,1.7267236175141534,1.6425992374333136
1.9774146330266313,1.7339727800987057,1.5830495286052848
1.97748775115743,1.741046709020402,1.5367868774886297
1.9778385402013698,1.74803713442272,1.5048178627025945
1.978367015881134,1.7550858281718016,1.4890466514903624
1.9789167291680652,1.7617259126159877,1.4902553589123946
1.9793951340069067,1.7681467208432202,1.5065883486212537
1.9797278061063606,1.7746286529653346,1.537640057682675
1.9798182574048946,1.7807661232149359,1.5806696955938497
1.97962341129868,1.786609706283807,1.6350639565724703
1.9790790500963167,1.7925668703218252,1.69290066643676
1.9782073376602602,1.798494256398009,1.7423683715889957
1.9770217189789792,1.8046573747461285,1.7797196093811614
1.9755824415345888,1.8110592622890076,1.803383156650586
1.974062228930282,1.8173169333429557,1.8133180949886634
1.9725187020060557,1.8235626820536877,1.810520957262848
1.9710066295873336,1.8299100441041833,1.795897438172018
1.9696820949805052,1.8359559999462782,1.774376858067335
1.968470567354233,1.842107905748135,1.7547429189039407
1.9672994638585382,1.848707025089053,1.7372457447014915
1.966234280617791,1.855304755578444,1.7240492996190897
1.9652427947237816,1.861905140369999,1.7157903701702066
1.964269862478303,1.8686709683986436,1.7115151858198872
1.963347925689438,1.875220002298158,1.7098103380650034
1.96243421486014,1.8817617906578914,1.7092861768770928
1.961494815728158,1.888500049143974,1.7091964066980987
1.9605854315108042,1.8950308652131762,1.7090954671868575
1.9596750670357683,1.9015699254752811,1.70911630720987
1.9587373428665558,1.9083056365937285,1.7091238214510467
1.957827137608406,1.9148436973879042,1.7091251581728881
1.9569169746007677,1.9213814297412357,1.7091365090864663
1.9559793940524566,1.9281157398967572,1.7091724934977772
1.955070262474772,1.9346383269873544,1.7093672327722271
1.954163682501173,1.941122157146045,1.709998264510153
1.9532209519434063,1.9478455278072249,1.710136792929427
1.9523046930971248,1.9543793135833976,1.7101193891991968
1.9514336001038586,1.9606183702292233,1.7075839586421786
1.950597639493197,1.9667046068343121,1.7095240192388903
1.9497851882374058,1.9723207377015648,1.7231074282681782
1.9489106672976528,1.9776568786550197,1.7482883810260097
1.9479239274838331,1.9827123862755376,1.7845178226785001
1.9468898114061046,1.987092895743329,1.8279018589064244
1.9457665759748937,1.9910103056935944,1.8813424493042203
1.9444094874334645,1.9948605106785775,1.9459398171268196
1.9427144061334214,1.998810537605032,2.0139281686387354
1.9405526017870651,2.0030012527185166,2.0877936795040415
1.9377716638343367,2.007494685672158,2.169900804240424
1.9345317912609297,2.0118711390257014,2.254046346545617
1.9308418143844832,2.0160591243787764,2.3401196469614662
1.9266680288249336,2.02003162115381,2.4289701802443093
1.9221835026197005,2.023600639707281,2.5171659223007756
1.9173476833062433,2.026793906628606,2.606254898206959
1.9120868848877202,2.0296213424922134,2.6980690666398774
1.9067519853326889,2.031893943529028,2.787206864420717
1.9012338002567102,2.03368316090577,2.8763746354191952
1.895402579710307,2.0350057478607564,2.9682855146685454
1.8896770873659607,2.0357696686619136,3.0571119905066024
1.8838997440071337,2.0360223863031552,-3.1371474606903376
1.8779368795045048,2.035744119151674,-3.045369062628833
1.8722314768645696,2.034972774177034,-2.964798179332199
1.8666549442792113,2.0337999829443625,-2.9010442192787504
1.8609255861396958,2.0322459352145485,-2.851100767385857
1.8552795265436504,2.0304504958723864,-2.816040730842753
1.8495407770730778,2.0284396328448397,-2.7936350428593513
1.8434372830730144,2.0261841745969402,-2.7832006218640717
1.837234291649171,2.0238559614318947,-2.78401875343458
1.830687510697984,2.021440277453992,-2.7942493266760606
1.8235641723836507,2.018927375864607,-2.8127983126386695
1.8163496823277263,2.0165547350370567,-2.8368139529734173
1.8089957943798878,2.0143479032638667,-2.864778127895664
1.8014354437149385,2.0122616963706768,-2.895566786671006
1.793975845724494,2.0104972720258316,-2.929202326155752
1.7862175369157152,2.008970727116057,-2.968913297921573
1.7777705259624157,2.007692931073979,-3.0179207174184004
1.7695164481418542,2.0068598873795684,-3.0670789514621886
1.7615843173162722,2.006438314323841,-3.112384228738414
1.753927433466055,2.0063616578933647,3.129769031500936
1.7468219726011518,2.0065616407094673,3.0947862131254333
1.7398126434604064,2.006980560704699,3.0650263721938256
1.7325291452888008,2.007626508871051,3.039718431343996
1.7253701690144374,2.0084221478005326,3.0223828639256265
1.7181481197097388,2.0093211834501727,3.0139942199700935
1.7106475358501465,2.010283651596349,3.0161648162541863
1.7033042741858087,2.011168202869428,3.0304290741029978
1.695914542822898,2.0119093055027313,3.0573465659830346
1.688487746816057,2.012415890258369,3.0947360385564022
1.6817756070740477,2.012610494820598,3.1354806922063165
1.6755334490130565,2.012523104348916,-3.1034314627545365
1.6690594998830246,2.012147606485405,-3.0626386438817974
1.6625274479437906,2.0115335869781252,-3.0330074222172816
1.65580416503626,2.010738840856473,-3.016033127799911
1.6487598668200245,2.0098297471384052,-3.012204028246702
1.6420861317001134,2.0089758660178894,-3.0178778555526673
1.6354630278010123,2.008176654460632,-3.025749083762464
1.6286417528404258,2.007405421518082,-3.032759730098679
1.6220277501941402,2.0066995790001023,-3.0381515553469294
1.6154206456071618,2.00602674140077,-3.0423310208396757
1.6086198986317972,2.0053606587459836,-3.045722994400709
1.6020281900232278,2.0047354033031697,-3.048329726496971
1.5954493513593941,2.004126755633433,-3.0503552058521244
1.5886795370676356,2.003512449908431,-3.0520392646076497
1.5823272464158789,2.002947711158201,-3.0540823103105477
1.5760960368287433,2.0024143729300734,-3.0603782708200837
1.5694932714784005,2.001914376168594,-3.0740923096285715
1.5627730110909288,2.0015210582099736,-3.094931103886905
1.5556467704605925,2.001279877250974,-3.1235914895483803
1.5484046009982786,2.001250159813736,3.130623048358194
1.5418344937026873,2.00138945079586,3.1097524413877555
1.535675936374961,2.0016227780382434,3.0980078525125774
1.5296054563173493,2.001896831041105,3.096107436833983
1.523839316106868,2.002143194157197,3.103419675708736
1.5180672684160954,2.0023228324461617,3.1201219301923873
1.5119512986602965,2.0023821464391465,-3.136520755962871
1.5058749599526702,2.0022781713320104,-3.1109889189567155
1.4999779878213735,2.002040343726663,-3.091470543060549
1.494273448001515,2.001718973839666,-3.07981856734547
1.488977888857499,2.001380400935574,-3.077190704551387
1.483816375726263,2.0010575123220344,-3.083998832664209
1.478471499072891,2.0007860622830926,-3.101676233070994
1.4728440797537623,2.0006181486934858,-3.123939628773127
1.4666065314352579,2.000581212191064,3.1334735331056227
1.4600994056005077,2.000704834426174,3.1115018769195455
1.4541681944933682,2.0009201153888303,3.0992324317533617
1.4487084140249877,2.0011644575116407,3.095224538610487
1.4434758305543594,2.0013999556790556,3.0997310210351845
1.4384518201863494,2.0015875592076826,3.1102584001871043
1.4330923840578211,2.001724172369702,3.123192664022348
1.4270894112853747,2.0017898766091817,3.139322575169445
1.4208450698593322,2.001756304933058,-3.1278224991556347
1.414653073964166,2.001637209005257,-3.1172507218200707
1.4084880430976325,2.001468814327746,-3.111948574408361
1.4026208893581849,2.0012917303847533,-3.111528889487958
1.3966927337544706,2.0011204325947074,-3.114891599057895
1.390315719221155,2.000968225166193,-3.1217941483399594
1.3837281006500355,2.0008656023241667,-3.131604608433352
1.3770660230266003,2.0008245416933272,-3.1395872522935773
1.3702268012535492,2.000828717678722,3.138128394602182
1.3637434944600402,2.0008581006922124,3.1361814038866505
1.3573629210204066,2.0008919071145876,3.1363451582876496
1.350753333107686,2.0009218244112628,3.1381394107475495
1.3442068019604887,2.0009344453058002,-3.1415327624154314
1.3376330015301154,2.000924709109158,-3.138468155773657
1.3308477479717729,2.000897818934384,-3.1367007117040004
1.3242523295367306,2.000863889228669,-3.1361547298450447
1.3176528284362192,2.0008275039940844,-3.1362477482631395
1.3108930603127826,2.0007906165048857,-3.1360738298102913
1.3043123720095566,2.0007538755726295,-3.1360976747854337
1.2977124225371457,2.000718584718777,-3.136380827043268
1.2909117122410174,2.0006841557961232,-3.1366643474515725
1.2843105137502253,2.0006523064478157,-3.136856833207118
1.2777092847555964,2.0006214704233725,-3.1369754045958045
1.270908171930088,2.0005904171828623,-3.137055309112765
1.2643076715612833,2.000560246366759,-3.137121618994838
1.257710052391864,2.0005311596861657,-3.1372202684047745
1.2509094620230683,2.0005015199168006,-3.137278183370429
1.2443090823482568,2.000473186616504,-3.1373276304104234
1.2377078133676485,2.0004451517333246,-3.137368358911767
1.2309059378144016,2.000416538421632,-3.137397562748035
1.2243046125573613,2.0003889223655618,-3.1374050281972394
1.2177051493070399,2.000361381977066,-3.1373797545170574
1.2109240113624054,2.000331912497314,-3.137140337729481
1.204356051192604,2.000301174592156,-3.1367489012001784
1.1977582897407189,2.0002691460802233,-3.1367206463122024
1.1909598867119897,2.0002361537602664,-3.136739188829993
1.184360540196821,2.0002042614481934,-3.1367595004977695
1.1780203911658746,2.000172707906672,-3.1365476470429527
1.1713160429661946,2.0001436815330056,-3.138890971370695
1.1646808077775972,2.0001376002781948,3.140413871627352
1.1581010916697843,2.000152971206021,3.1378269174517923
1.1514169775208623,2.000180185415947,3.13727281402863
1.1449440201046688,2.0002037869218814,3.1390167478640985
1.1383862060140533,2.000210294616448,-3.14061631468216
1.1316070600519892,2.0001958742229635,-3.13818182416458
1.1250085560576237,2.000173276112081,-3.1383508546563026
1.1183938847208452,2.0001578265745388,-3.1404289607737996
1.111578861619298,2.0001561446808416,3.1406693181716188
1.1049697168041823,2.0001645931729963,3.1400301370343993
1.0983803521058395,2.0001722415087126,3.140948206961823
1.0915950207218545,2.000172086285614,-3.140761317895825
1.0850040322027792,2.0001641418375327,-3.1399461396203185
1.0784033001818891,2.0001538177361717,-3.140110638609595
1.0715960924872485,2.0001461545780206,-3.140873166281091
1.0649896732012352,2.0001434728048957,-3.1415250487582087
1.058384691054783,2.000143420645613,3.141524662664519
1.0516007481583411,2.00014317216441,3.141529001823355
1.0450073901384578,2.000143293318449,-3.1414380653213025
1.0384097037588693,2.0001414125496257,-3.141181464513264
1.0316097746526842,2.0001380401223363,-3.141065339400052
1.0250081529193964,2.0001350271528238,-3.1410770023075503
1.0184062626456913,2.000131879525742,-3.141147754630762
1.0116058773962253,2.0001291190994306,-3.1411878500690578
1.005011489987135,2.000125404171147,-3.1411245171298523
0.9984248197958271,2.000121690465319,-3.1409428464557734
0.9916256854316113,2.000117482242126,-3.140913332484863
0.9850270160644579,2.00011305587802,-3.1409631262029496
0.9784274674224253,2.000109136325133,-3.141025232580752
0.9716271519775166,2.0001054745752134,-3.1410697704266193
0.9650265354051919,2.0001021638972176,-3.141095889159872
0.9584259116882924,2.000098945608241,-3.1411158402673593
0.9516268513515729,2.000095474977456,-3.141161979638936
0.9450277889590692,2.000092833362893,-3.141213416210608
0.938427949799642,2.0000904093164644,-3.1412492337498574
0.9316274312209752,2.000088128315038,-3.1412701363966047
0.9250260207809516,2.0000860229190534,-3.1412794874662073
0.918424416515362,2.000083979689252,-3.141275283646248
0.9116235241613553,2.000081813652781,-3.1412514885349303
0.9050242202602639,2.0000792792871502,-3.141213060307103
0.8984311949866397,2.000076165663143,-3.141103197303735
0.8916358234586047,2.0000726420061934,-3.1410126966243705
0.8850378524764885,2.000068868867785,-3.140966281756275
0.8784393964733124,2.0000646920667453,-3.140947026738412
0.8716398898457813,2.0000602890073864,-3.1409473152930203
0.8650395405797289,2.0000560545703308,-3.1409657232283688
0.8584388089772952,2.000052077825726,-3.140996565152046
0.8516380495281664,2.0000478033918996,-3.1410397387510303
0.8450408448008764,2.0000443842275843,-3.1411393691792875
0.8384399613781442,2.000041459192442,-3.1411922914093386
0.8316395211878658,2.0000388890855194,-3.1412455273695077
0.8250383902356893,2.0000367394753766,-3.141293223174611
0.8184364894497425,2.0000348956649514,-3.1413307354777436
0.8116348263889933,2.0000332289852216,-3.141349087710292
0.8050345463521732,2.000031692170858,-3.141338674301557
0.7984368743594005,2.0000292552531773,-3.1412995613094647
0.7916479010036117,2.000026811085092,-3.141149847601526
0.785048503975668,2.000023914596721,-3.141106736342569
0.7784506671514542,2.00002068630576,-3.1410578457934264
0.771962247172802,2.000016797768787,-3.1407475903228477
0.7654861584198468,2.000010807279573,-3.140735456180862
0.7588801102544757,2.0000071303416362,-3.141373054383328
0.7520734555235931,2.0000078313872995,3.141127728436075
0.7454718301446022,2.0000110935919806,3.140965178535985
0.73890060818424,2.000014657645987,3.140953863911143
0.7321107773557903,2.0000180989988623,3.141369708631461
0.7255148223857533,2.0000180995901014,-3.141339059457238
0.7189148675465222,2.000015721621073,-3.141197374040102
0.712111622144886,2.0000140017254218,-3.141394971768645
0.7055080017772093,2.000013615064869,3.141503190185607
0.6989083207576058,2.000014654898275,3.1413973443873138
0.6921052995852337,2.000015124305417,3.1414392666500155
0.685512472300137,2.000015190230827,-3.14151376150228
0.6789158795688599,2.000014198541574,-3.14134454206073
0.6721177760565872,2.000012652573979,-3.1413189558767733
0.6655177690367744,2.000011139221782,-3.1414036551152376
0.6589167198418525,2.000010256378223,-3.1415151655962124
0.6521156479487941,2.000010033878686,-3.1415865295392336
0.6455149746793225,2.000009885018474,3.1415861590935883
0.6389188704250811,2.0000098644879363,3.1415424910892304
0.6321189404194283,2.0000099703999408,3.1415346772343935
0.6255188838267242,2.000010134615817,3.1415322466929654
0.6189181359292232,2.000010500104114,3.1415267747659668
0.6121166026480532,2.000010938253022,3.141520204401183
0.6055152560162627,2.000011337261899,3.141518953548441
0.5989146163690663,2.0000119402935055,3.1415387825999406
0.5921143266429957,2.0000119534715517,3.1415816446713105
0.5855179776818028,2.0000118634747825,-3.141515300734032
0.5789195267313918,2.000011220876119,-3.1414658345230344
0.5721215633776784,2.000010336902623,-3.141443181693119
0.565522818408339,2.0000096134400476,-3.1414322502610066
0.5589231281677116,2.000008771029709,-3.141423094324543
0.5521227205468896,2.0000074921728914,-3.1414383496880265
0.5455219288657736,2.0000066287251728,-3.1414726351866165
0.5389216425124037,2.000005607081438,-3.141523057947907
0.5321238527897176,2.000005522762517,3.1415750008394405
0.5255234009070843,2.0000056929168473,3.1415323955808847
0.5189231219552579,2.0000061511512266,3.141509623418397
0.5121219233289037,2.000006741608178,3.1414988170684985
0.5055202289613884,2.0000071659737277,3.1414924315622845
0.498918897409117,2.000007575990629,3.141487534285115
0.4921184624262145,2.0000084366609276,3.141505352014549
0.4855191117201811,2.000008736923901,3.141554090429354
0.47892208437034717,2.0000087034847307,-3.1415549274385777
0.4721244579010912,2.000008291773379,-3.1414920985380936
0.46552654040294833,2.000007544159279,-3.141445942140427
0.4589275282586906,2.0000065671344345,-3.1414178383181888
0.45212765751345224,2.0000055522084144,-3.141402413318779
0.4455271840028333,2.0000043005588126,-3.14139863841231
0.4389265948465156,2.0000030385343557,-3.141417221925221
0.4321283762831458,2.0000018105761765,-3.1414880194465997
0.425528399817502,2.0000012570196097,-3.141544207487491
0.41892818884884503,2.0000010830693418,3.1415879298773928
0.4121272893072501,2.0000012716897535,3.141536752421302
0.40552548223845375,2.000001776891701,3.14149470641418
0.39892368906400455,2.0000025509259127,3.1414693838049126
0.3921225515394687,2.0000032512638284,3.1414587560567635
0.3855215893023811,2.0000037661873487,3.141451096147053
0.3789245155791604,2.000004714791938,3.1415065723830944
0.3721264423576435,2.0000051218255117,3.141556260338756
0.3658844828058064,2.000009147043658,3.1399656040497574
0.35995735773785104,2.0000136046484545,-3.1388018940381364
0.35396096075964484,1.9999579788674844,-3.1218743505619866
0.3483749095801822,1.9997847941268554,-3.0941974882815333
0.34316588207142873,1.9994576995470537,-3.0571794733459354
0.3383092578431907,1.9989504859827019,-3.0108543669558636
0.33356592985848504,1.9982201977980683,-2.9638188690321554
0.3285619899992507,1.9972261370954383,-2.926182855276392
0.3233267594444399,1.9960138489139452,-2.9024546514873824
0.31813474987784407,1.9947174221960702,-2.893065756218707
0.3128238553877692,1.9933747861720357,-2.8978896571907637
0.3071778324867741,1.9920173527218954,-2.9177043788929757
0.30151213512569985,1.9908101243074858,-2.9509556887665225
0.2953414869392739,1.989734511641889,-2.9891620025001027
0.28852846751262146,1.9888032502989872,-3.023116200459643
0.2816110145523816,1.9880637921189404,-3.0469223520251822
0.27446825805244857,1.987439566651381,-3.061072614696809
0.2668520396141292,1.986852484683584,-3.0666362804834333
0.25936207067371897,1.986286070357606,-3.0632060686298694
0.25195062997670364,1.985676599467777,-3.0523508025810067
0.24458478276341086,1.9849686560115887,-3.035972808694703
0.23776914046519493,1.9841830396500748,-3.0142441687275694
0.23136139178836299,1.9832870489802763,-2.989201610670097
0.22484690465260293,1.9822235611056507,-2.970864345787447
0.21845312349171178,1.9810914858955697,-2.9633347644774006
0.2119480637183151,1.9799234292721775,-2.9660300566672286
0.2051831726540777,1.9787474572947636,-2.973739972057268
0.19861268456558975,1.9776550108351725,-2.980411549080589
0.19206024694847962,1.9766023046734205,-2.9842568842207386
0.18532853438852778,1.9755389944942388,-2.985535521400396
0.17880632404055705,1.9745122732298637,-2.9852563925579823
0.17228832400994543,1.9734827908050951,-2.984478218540578
0.16557249437676455,1.9724170314444454,-2.9837634742312678
0.15905514292952605,1.9713788054101054,-2.9832923479575952
0.15257816922633327,1.97034323864856,-2.9826083131043952
0.14592203241339835,1.9692733031959437,-2.98208315403023
0.13940873283374136,1.9682256670571807,-2.9821718038828307
0.13289509562600343,1.9671792603354876,-2.9824300979015415
0.1261835183487329,1.966102807037955,-2.9826788308874153
0.11966831524798345,1.9650592422009177,-2.982855729611073
0.11315213835781798,1.9640164901349082,-2.9829747076270388
0.10643761548053508,1.9629427040783356,-2.983058104607779
0.09991959585570144,1.9619008212212679,-2.9831164616908987
0.0934005186720466,1.9608591170435763,-2.98316107783092
0.08668271373492675,1.95978595057202,-2.9831987555561645
0.08016131693220388,1.9587444062788302,-2.983230058397935
0.07363906425654757,1.95770294115413,-2.9832542163514266
0.06691961560767627,1.9566301448950343,-2.983263846325463
0.06039977162948962,1.9555892898586444,-2.9832548000168764
0.053890198123843755,1.9545499909708262,-2.9831330746792624
0.047228582795555675,1.9534834614910934,-2.982574577209142
0.040830868836291806,1.9524570543053716,-2.9825718929560665
0.03460621789458002,1.951454541660844,-2.9795855079362346
0.028431050068879807,1.9504147743675553,-2.9667720857175937
0.022644987982354228,1.94933534241311,-2.943220388695355
0.017032598743875985,1.9481187070219876,-2.9070341958293326
0.011414411236844162,1.9466436624860834,-2.854872196014346
0.006136106299094714,1.9449237563471427,-2.789089778058903
0.0010859586980701053,1.9428625871323137,-2.709179931859388
-0.004050418735186982,1.940233815234347,-2.6202021118038736
-0.00887638348493933,1.9371992838959653,-2.532427027790778
-0.013428023365313131,1.9337424592626873,-2.444435344472986
-0.017837140845864907,1.9297222153741476,-2.352665793162314
-0.021748488906916087,1.9254475669898266,-2.2635591159665527
-0.025264974003663558,1.92084037346353,-2.1744290295130053
-0.028445320318698543,1.915784131960609,-2.0825721015940784
-0.031076869675023135,1.9106154584153014,-1.9933847705654777
-0.033240768540252,1.9052312334581154,-1.9041581266493302
-0.03499965781217226,1.8995539647746025,-1.8127259896114376
-0.0361808675157037,1.8938898794014225,-1.723720964073962
-0.036828954216182416,1.8881332635696728,-1.6346264233010372
-0.036958224061759685,1.8821642852245744,-1.5428057461347495
-0.036559651854489894,1.876381315727284,-1.4536619429035353
-0.0356702937964891,1.870721378322216,-1.3709975480326413
-0.03430934948760854,1.8650232637182276,-1.2977185516498402
-0.032582579613638175,1.8594910421301554,-1.236241371267865
-0.030449406477717787,1.8538300308927715,-1.1828236730901909
-0.0278598979383545,1.8478682846405203,-1.1375457004202294
-0.025052983432374623,1.8420404785713396,-1.1046877710933216
-0.022034609217515874,1.836186299343488,-1.0850913752066285
-0.018798035963872674,1.8301066401727148,-1.080673687480816
-0.0156429617968753,1.8241325874006908,-1.0926834449762464
-0.012598251935543982,1.8180848570252965,-1.120716607913708
-0.009724824854296548,1.8118321138246187,-1.1650987571001998
-0.0073351298175090155,1.8058781681959448,-1.2207243802189574
-0.005440517361584929,1.8001960195912532,-1.2860973632294268
-0.003994038186089005,1.7945355679408554,-1.3653306217887193
-0.0030807961015828535,1.7890627785351718,-1.456413117110542
-0.0026753689453195163,1.783152072032911,-1.5552204020824956
-0.0028993520673669493,1.7763360647986146,-1.6584182829486898
-0.00378697235236359,1.7696074074981272,-1.7512843609923154
-0.0052500742257969545,1.7630142029343232,-1.8332082204005182
-0.007290538366190265,1.7561952628893578,-1.9084390618270228
-0.009808332210403963,1.7495797356305898,-1.971966707850876
-0.01275426096051369,1.7430907099430302,-2.0231409394795943
-0.016052885515357416,1.7366206589635547,-2.061467518134853
-0.019374313972330894,1.730571375477104,-2.083177478414099
-0.02269250117492243,1.7247263021401809,-2.0884609919509103
-0.025985612446680365,1.7188902600678708,-2.0764315762870478
-0.028941808879287313,1.7134053980683668,-2.0484909258016923
-0.031546881157617224,1.7081470597406936,-2.006266924161584
-0.03375604710209388,1.7030869658987953,-1.9507260614504425
-0.03540563092797632,1.6986060473872877,-1.8866316791054059
-0.0366888249408277,1.6942026872395972,-1.81464261738049
-0.03772877641921786,1.6892823140790159,-1.7361430913374176
-0.03840296536649181,1.6840535594432309,-1.6544434658628353
-0.03865121346981883,1.6783869166839676,-1.5671105915061319
-0.03837761273298123,1.6724148874175708,-1.4752496102323607
-0.03757875920582314,1.6665296063986283,-1.3925051153130044
-0.036251269612262174,1.660384378707667,-1.3204982783295198
-0.034358427045800055,1.65381585789225,-1.2580637993230386
-0.03211397104276985,1.6473816177865037,-1.2108078449031898
-0.02958782754075948,1.6409887022400793,-1.1777724140711259
-0.026805019084303047,1.634455533633732,-1.159880496232014
-0.024061911559883173,1.6281953543400132,-1.1582723590347812
-0.021388691200859317,1.622000152844761,-1.1721869905612037
-0.018757383123376967,1.615553107600756,-1.1965824132386482
-0.016338054595459374,1.6091969683569416,-1.2189169193891825
-0.014044696209698077,1.6027652680435605,-1.23855503530667
-0.01182353493187483,1.5961595947141891,-1.255087877651478
-0.00977734409886457,1.5897602986939323,-1.2683361851322654
-0.007872164572178394,1.583533572298248,-1.2800096905428782
-0.006029606219259371,1.5772324679271368,-1.2949715341669712
-0.0043599245428093914,1.571116806037198,-1.3172619831568497
-0.0027987397799521417,1.564707975168227,-1.350740563299553
-0.0013905468564455817,1.5577414863407932,-1.3969341422015782
-0.0003264122730255462,1.5506423460704966,-1.4525476307733147
0.0003351214867639751,1.5433221434525204,-1.5173211538152727
0.0005481849798536811,1.535776667929026,-1.5908756865762697
0.00041933962955781464,1.5286076745344839,-1.6657226022191127
-0.000179043935223622,1.5215620648541701,-1.7365700748979318
-0.001391123303806984,1.514727366016963,-1.798671998382007
-0.0029688970064076087,1.5085781219292729,-1.8481396147725142
-0.00469664455639259,1.5029113538167902,-1.8877860796196853
-0.0065251549882941184,1.497606766619761,-1.9196611672762107
-0.008284512405574828,1.4929248399591855,-1.94222893688509
-0.009983273768697686,1.488644315087565,-1.9551000573367787
-0.011661064129312324,1.4845154851428186,-1.9569493073512476
-0.01321778138075044,1.480642617013395,-1.946663196794699
-0.014695319071320899,1.4767910197825334,-1.9236437176280978
-0.01610322771907066,1.4727738423711005,-1.8862072360070739
-0.017302053026195138,1.468826376509788,-1.8370298202459419
-0.018264806897657505,1.464912093912474,-1.7769932217881135
-0.01899432840741951,1.4608417789543537,-1.7111859639756815
-0.019443564949564056,1.4568549775218047,-1.6473252252877881
-0.019639847187543063,1.4527074536023667,-1.5814810386657507
-0.01953924511305764,1.4479691862111217,-1.5122013624168977
-0.01906707241138504,1.442755687113506,-1.4437970412581524
-0.018198307132515003,1.4372417698407827,-1.3815853563433604
-0.016952338884227928,1.4315247702109566,-1.3284294039118716
-0.015481989419204544,1.426031396523739,-1.2877833701947508
-0.013824564827169402,1.4206204848257207,-1.2562960248049557
-0.011990026896318243,1.415148936446436,-1.2289881554507243
-0.010194505110735231,1.4099376439529665,-1.2038443962621075
-0.008321354541083278,1.4047674323620072,-1.1804484301047264
-0.006136874835968141,1.399477316030785,-1.161281286527743
-0.00383494441993312,1.394266922465416,-1.1505574907241864
-0.0014145541062471755,1.388871920300059,-1.149975891586301
0.0011624334110177511,1.383044688890372,-1.1613559485023581
0.003668462169363839,1.37710382493392,-1.1838609122437955
0.006068047876345995,1.3709402184598376,-1.2155456521272268
0.008323083410777015,1.3645250771510788,-1.2534348306819134
0.010287499852795694,1.3582547308352486,-1.2932217890357725
0.012013190932805382,1.3516854535899274,-1.3385793575400204
0.013517924271642133,1.344491966231307,-1.3945755310587071
0.0146074459362459,1.3371182460782267,-1.4593216354327863
0.015212833663092003,1.3295155305682416,-1.5332546830013836
0.015361317827685617,1.3217187585882635,-1.6158980186015706
0.015154517507286209,1.3143308841584296,-1.6957252737110058
0.014448539679155077,1.3071906739072465,-1.7693487324132813
0.01310288757459843,1.3003101754362503,-1.8335228728651984
0.011301667088279113,1.2941698780025377,-1.8844361846665851
0.009341280489650706,1.288498896467476,-1.9252897023915017
0.007278266816837565,1.2831783159030028,-1.9583525942013014
0.005311978883874068,1.2785140698939135,-1.982774834095433
0.0034142871350824975,1.2742570933701076,-1.998117136042825
0.0015239657026448914,1.2701393910652536,-2.003527400780615
-0.0002576429185611735,1.2662588797604581,-1.9977332858364485
-0.001990843444620225,1.2623743151592357,-1.9802003723271484
-0.0037033393824593575,1.2582830475904503,-1.9493366143222297
-0.0052413934497128785,1.2542049352274354,-1.9072212220483875
-0.0065804439174687885,1.250084149908662,-1.854551543900997
-0.007701848020775066,1.2458266980984392,-1.7941885841406282
-0.008568382096601712,1.2415019339349698,-1.7380700997098337
-0.009245182806496067,1.236802402340722,-1.6851749574484798
-0.009723501910971674,1.2314807181705079,-1.6312045173163656
-0.009928314840059564,1.2260757339246684,-1.5822653023741364
-0.00988391024999461,1.2207091266614623,-1.5400632071697495
-0.009626710303074073,1.2153450294184451,-1.503264919319194
-0.00921567142362504,1.2103346864022242,-1.4721370396847966
-0.00866936072088721,1.205437325106976,-1.4453803320522378
-0.007973857091378319,1.2003608795449894,-1.4228453840867397
-0.007171138679717839,1.1952672359543277,-1.4064607953162747
-0.006253510038594475,1.1899244428126734,-1.3956739152764996
-0.005203834475511416,1.1841001496289296,-1.3906363103590589
-0.004123952799384535,1.1781832128685006,-1.3901759559644171
-0.003017387185840893,1.1720756372570984,-1.3946230987261163
-0.0018818792817327696,1.1654532253044407,-1.4104224421019842
-0.000877806668625895,1.1587473053420916,-1.4378270532445545
-7.558984454435593e-05,1.151837178801741,-1.4772591463449125
0.00043081789057766023,1.1446321311152075,-1.5293070233754646
0.0005350551884123805,1.1377492021982107,-1.5884692615925853
0.00026322674609237286,1.130954688822023,-1.647499655069462
-0.00044262854933292564,1.1240012458790565,-1.6993362462539243
-0.001419577287860963,1.117417506577509,-1.7377457710719502
-0.0025731446834404495,1.1110534817272484,-1.7618940153469476
-0.0038300415800365892,1.1047426449224214,-1.7708369785510512
-0.005015138877732037,1.0988366650130477,-1.7633107775704708
-0.006082731537281142,1.0930726362877763,-1.7397690322906663
-0.006988033454653599,1.0871763172938236,-1.7003360843982844
-0.007595297081083078,1.0815410421536422,-1.64855177459971
-0.007868257520261511,1.0760809148232426,-1.5840229643885875
-0.007758746319165331,1.0702591650436513,-1.5163312211328357
-0.007277474557659714,1.0644219824459895,-1.4557013991606804
-0.006449636865012548,1.058564920848741,-1.403129001696647
-0.005287387056017921,1.0524319592492621,-1.3635417432462213
-0.003966093504286356,1.0465022009038052,-1.340200281504979
-0.00255226133500471,1.0406145240842701,-1.33175093664923
-0.0010780133980405119,1.0345332135377754,-1.3368420055412502
0.0002803689956563949,1.0286602404499667,-1.3534629215620355
0.0014739092090314807,1.0229501721706786,-1.3802607488082652
0.0024581653440247067,1.0173929342889505,-1.4164317846452925
0.003157324666095822,1.0122822245716392,-1.4603277630118205
0.0035923625838138566,1.007297489485796,-1.515285991333485
0.003742431693371712,1.0017164496860034,-1.5761739413645255
0.0035389409683771497,0.9954911889605771,-1.6340380003065447
0.0029776369982543417,0.9890228824282882,-1.6818430898783947
0.0021261132419843317,0.9824072138263992,-1.7157121776895934
0.001131176816105753,0.9760322835319083,-1.7347694788285182
6.477354479834767e-05,0.9697481541129972,-1.741978949750113
-0.0010448200142698773,0.9633009843685763,-1.7393347228386336
-0.0020800202358861875,0.9570687327730527,-1.7297327230863038
-0.0030260955137075525,0.9509053398570636,-1.7162903099661913
-0.003882621552434901,0.9446617173132523,-1.7007728205983375
-0.004620256372745406,0.9385907245245078,-1.6827800307054495
-0.005253571506571113,0.9323673080655779,-1.6599268636627666
-0.005760209193831284,0.9256748190231044,-1.629849250867799
-0.006050079014566251,0.9189168007757413,-1.5939688011040192
-0.006097332328254148,0.9124440325051434,-1.5601221238021357
-0.005942346390972585,0.9061095414434427,-1.5322930632252918
-0.005655230553449861,0.9000769088500965,-1.5147042886827653
-0.005288163664361927,0.8940349598321858,-1.5068588582469502
-0.004875589418370104,0.8876501340355587,-1.507410107303454
-0.004481421118555725,0.8811392123033334,-1.5150710708541644
-0.004137721360089393,0.8744574506525725,-1.5245753661752595
-0.003848878654879832,0.8676341760536829,-1.5328607941770862
-0.0036148911842852176,0.8610171218220178,-1.5381342066591606
-0.0034078275530822983,0.8544005127891974,-1.5409392750885442
-0.003208995891888839,0.8475909142283555,-1.5423273614502
-0.003022911221744169,0.8409862227246826,-1.5429671216040524
-0.002840138295103094,0.834384455622778,-1.5432761691078303
-0.0026535752696187523,0.8275849632733837,-1.54343335921117
-0.0024729067975457234,0.8209939958597681,-1.5434263472331635
-0.0022918464803913193,0.8144444733010894,-1.5429206246854468
-0.002101762027749149,0.8076659491068504,-1.54274184922608
-0.0019169711514614475,0.8010700212088809,-1.5428214633964874
-0.0017327860187044692,0.7944727807484302,-1.5429304586640216
-0.0015437074984560515,0.7876747356526015,-1.5430359844176214
-0.0013608711838166703,0.7810762208819703,-1.5431357227268874
-0.0011797850374777143,0.7745267380149238,-1.5432233641395963
-0.0009929226609049846,0.7678985259609749,-1.5419629068491918
-0.0008076006869553819,0.7612757855738888,-1.5451778800553024
-0.0006645311488979337,0.7542947804700416,-1.55782565222486
-0.0006302741821879136,0.747179482261079,-1.5762048205537664
-0.0007139247561893338,0.7405077928333017,-1.5903529574429152
-0.0008585567883335743,0.7339406170983468,-1.5941242364480235
-0.0010052397289004025,0.7271322276098441,-1.588661935095452
-0.0010881628374861602,0.7203707919934681,-1.575305187688024
-0.0010763956057887518,0.7137132647719082,-1.561801273037591
-0.0009835395229679182,0.7070462878790623,-1.5523107818400865
-0.0008552012241469588,0.7007229173460682,-1.5500598925994948
-0.0007359273245660856,0.6944567278825148,-1.5551306396057458
-0.0006614731771977134,0.687782375502809,-1.5656468291211494
-0.0006577799772598088,0.6811093679176292,-1.5753217928751266
-0.0007057028149153512,0.674481265766307,-1.5804447526742302
-0.0007706400875399781,0.6678185587552063,-1.5796973871567208
-0.0008146095375588185,0.661503955429235,-1.5755062799188313
-0.0008331273891560492,0.6552121809315725,-1.5718288527299469
-0.0008310221977019644,0.6485835213397729,-1.5688408381552812
-0.0008111726463105533,0.6420096241498381,-1.566617214901857
-0.0007822156708202642,0.6354129009793613,-1.5662169425724994
-0.0007539826795883959,0.628603880459663,-1.5671987664433713
-0.0007339739492927785,0.621992716255835,-1.5684127150922025
-0.0007195609353753867,0.6153964065834916,-1.5689483920232108
-0.0007056925531940566,0.608617772419176,-1.5686733566596718
-0.0006907545511107482,0.6020206018323954,-1.5683330967955695
-0.000674194292652164,0.5954247284595622,-1.5680843814814314
-0.0006553591083068,0.5886266615834448,-1.5680245821545877
-0.0006373265751325244,0.5820264542867164,-1.5680928894235333
-0.0006198855326287663,0.5754252183148545,-1.5681988880273998
-0.0006025800968176153,0.5686238246356725,-1.5682870688137067
-0.0005858055075402716,0.562022619357213,-1.568335229841775
-0.0005697720773711066,0.5554258664992434,-1.5684159724678521
-0.0005535276496828046,0.548624985972497,-1.5684316491775618
-0.0005379065104122868,0.5420248022345374,-1.5684335872242476
-0.0005223025952515305,0.5354238823390727,-1.568435305937887
-0.0005062599308656283,0.5286223128311756,-1.5684343234697307
-0.0004906770796140702,0.5220212471124598,-1.568420040298118
-0.0004750427904631401,0.5154220002538328,-1.568378865524208
-0.00045756566569831846,0.5086385971998427,-1.5681590748204393
-0.0004391401145200413,0.5020601599896247,-1.5678887300196147
-0.0004201236065499309,0.49546066873792827,-1.5679196130901925
-0.000400957257254029,0.4886618005257527,-1.5680206212065808
-0.00038299129572429895,0.48206202442788343,-1.568108412620809
-0.00036550434383495346,0.47546145468730044,-1.5681687866002354
-0.00034783994534458903,0.4686605068516848,-1.5682142593966324
-0.00033099247655533947,0.46205954723498077,-1.568254955522517
-0.00031398533942626885,0.45545977517277564,-1.568314520578308
-0.00029744677214203026,0.44866090026354705,-1.5683922492632143
-0.0002817146905785467,0.442060726849304,-1.568450548357561
-0.00026636494566312913,0.43545997707755213,-1.568496712343516
-0.00025084249096142894,0.42865833412544285,-1.5685336737445257
-0.00023600493600776197,0.42205673107635183,-1.5685520585496011
-0.00022125232359796265,0.41545601807855465,-1.5685461268899747
-0.00020592490981426607,0.4086603411068941,-1.5684725947242053
-0.0001889709655064551,0.4020871196620117,-1.5681463785291128
-0.00017116386384429785,0.3954935051177664,-1.5680481527380477
-0.0001524867853133177,0.38869600886118766,-1.568034336876539
-0.00013432385307691208,0.3820974866141973,-1.5680341066795151
-0.00011616166879865932,0.3754978881179467,-1.5680368430928648
-9.760511315192812e-05,0.36877266023096966,-1.568031086909779
-7.575572149741105e-05,0.36263601977679183,-1.5653168578459975
-2.4091583293090257e-05,0.35710807273604356,-1.5547673539475806
9.93328596145848e-05,0.3519491854705894,-1.5352513724116876
0.0003121259916288721,0.34741098842000534,-1.5073990757879097
0.0006435049564600344,0.34323778981334196,-1.4686380583375733
0.0011470673228873812,0.33919735865576817,-1.415670769794747
0.0018673783522044365,0.33529052614340726,-1.3530522692927325
0.0029386304743773063,0.33106521030092884,-1.2842310603090759
0.0044849667133843845,0.32641471190320553,-1.2075521806136937
0.0064440212861713725,0.32176223849433433,-1.1290280205676804
0.008815296470805395,0.3171837443475241,-1.0489872825497726
0.011642283628336959,0.3126696007096326,-0.9663203537074594
0.01484035327620041,0.3083937531694174,-0.8836866547420107
0.018598256017359576,0.3041683356337241,-0.7965970711258981
0.022951278340849965,0.30007695815259927,-0.7047914300253879
0.027519297967117422,0.2965025424013138,-0.6156606164286383
0.03242077819399413,0.2933128692174077,-0.5340141404772349
0.03786292572942688,0.2903391405791428,-0.4635205496867628
0.04358709515683622,0.28767304666166527,-0.4061059063379996
0.04979184885507036,0.28517277700694166,-0.358607060203886
0.05658239351953844,0.282768318306844,-0.32195280677622395
0.063421076795597,0.2805740039492604,-0.2999413227376944
0.0703761440543141,0.2784596824337738,-0.29219961081231927
0.07753568904261698,0.2762894106256557,-0.2993619579143228
0.08431627431571134,0.2741329633719747,-0.3199085358090852
0.09074388738958389,0.27190540856936424,-0.3516894034337433
0.0968974720047699,0.26951956740126815,-0.39376595537390513
0.10253076329340104,0.2670297556031311,-0.4454619881317409
0.10794581604785683,0.2642527040966383,-0.5101873796015051
0.11335888775788651,0.26095914816898585,-0.5921501941717953
0.11841870510601636,0.25723801716683137,-0.6867284153136081
0.12324884563336129,0.25287488843356576,-0.791416986335942
0.12793099787865023,0.2477899432494124,-0.8966529847581457
0.13226078520694362,0.24254400741057108,-0.9931748069306418
0.13618460977902455,0.23713045758950246,-1.0820605446050955
0.1395284796933781,0.23147471906173162,-1.1624249438189607
0.14192458330763427,0.2259943169977286,-1.2272454333035505
0.14369082342097464,0.22066085524325937,-1.2773795521763858
0.14518249044731557,0.21539756195524143,-1.3127140630254928
0.1464515620433203,0.21038457583628767,-1.3324471522567247
0.14763969297156138,0.20541541839764962,-1.3376588476016946
0.14886675156381401,0.2003203627720822,-1.3274963613569042
0.1501429490973368,0.1953845530101325,-1.3033481494821144
0.1515575616081198,0.1905213557087693,-1.2662529841064916
0.1531983478583673,0.1856661270769573,-1.2163956791109862
0.15495978630076085,0.1812450804379846,-1.1593529958457147
0.1568352322460804,0.17724762969606972,-1.0962264110652817
0.15899411744878367,0.17335178034422313,-1.0259444967543385
0.16150411072691578,0.1694974925987265,-0.9537939901023327
0.1645313268661101,0.16553264313565622,-0.8761603138477567
0.168278282941533,0.16137917721853298,-0.7897571252582409
0.17250458789589487,0.15744776026566012,-0.7010832278979658
0.1770907354917289,0.15388552998770333,-0.6119258084984162
0.18223037224021363,0.15056661743906208,-0.524465144388817
0.18766295938073804,0.14766221456576253,-0.448218002079578
0.19337300868094112,0.1451261749238719,-0.3830057055072306
0.1993652363991962,0.14288671962335767,-0.32928946331580733
0.20513378239422034,0.14103237184692055,-0.290977395114223
0.21071790250349592,0.13943280820964576,-0.26594330022738993
0.21613832427355845,0.13799658951617755,-0.2526674643645611
0.22095911917371136,0.13676242478433895,-0.2502681828321955
0.2253963272179074,0.13561589066119667,-0.25907372637705456
0.22970848428789709,0.1344340580792263,-0.2813404524967046
0.23377818996739877,0.13319497056942362,-0.3166099537893551
0.2378359643405233,0.13177063186855023,-0.36638022576579765
0.24207065197973815,0.13000566101902702,-0.43249319580193546
0.2461645989395375,0.12794931037388854,-0.5103556156106157
0.2504019908851017,0.12536509511586005,-0.5913230046257977
0.2549812748518939,0.12204809991566147,-0.6672804214573814
0.25950388571296673,0.11825147484285309,-0.7338478342880492
0.2640812496704056,0.11387781564214851,-0.7948089176110655
0.26861936795793395,0.10901518955287633,-0.8463631756913574
0.2727557206690594,0.10417352856050756,-0.8814962847945331
0.2766995382599209,0.09928265859955622,-0.901940729878839
0.28062742826381004,0.09426901072813271,-0.9083938372617241
0.2843549164168957,0.08950827135708442,-0.9015539015295272
0.2880261654255568,0.08494036768196776,-0.8820689072640622
0.2917331326473787,0.08055766769840042,-0.8505827016910438
0.2951991075185736,0.07673961095341561,-0.8114134546129618
0.29865226697502933,0.07324326866509075,-0.7673765999052106
0.30261909204363313,0.06957440394722728,-0.7225636251128
0.3070494586031285,0.06582135565466761,-0.6801773593000201
0.31172656246654196,0.062168913295801036,-0.6437208938846635
0.3165593897544049,0.058648746908362276,-0.6141579625054884
0.3213419406843971,0.05534859882749586,-0.5929550483348421
0.3261435227667043,0.052166303273736954,-0.5771123694570012
0.3310442361608222,0.04901920256653703,-0.5637879975332767
0.3357849691258776,0.04605597313270874,-0.5529413342327878
0.3406121915891019,0.04310324107945077,-0.5449996568713079
0.3457783903531488,0.03998936107175686,-0.5408004413968807
0.3510547953015211,0.03682254261969064,-0.5417216318544064
0.3565956388139677,0.03346828971920034,-0.54859568374273
0.36232086323452456,0.02993788596154722,-0.557247395332111
0.3678779485451484,0.02644907466950966,-0.5643138347269775
0.37324848741294714,0.02304156978441991,-0.5648480590831202
0.3783830996048075,0.019815504036342076,-0.5536593439093376
0.3831814626849593,0.01691681400143928,-0.5283188709698602
0.3879009437985642,0.014268597646738716,-0.48787606406389
0.39277036280363053,0.011837193445758863,-0.4301344059648393
0.3975649470359637,0.009810948647459914,-0.35985213414050854
0.40250922529849403,0.008152729265570324,-0.27930863640284564
0.40793511428170387,0.00682432833361889,-0.19301523173603793
0.41331763879137057,0.005984779617157106,-0.10890372218767123
0.41879573898397393,0.005599709531826209,-0.02416331825730317
0.42456757372483983,0.005678824616373582,0.055737371823032296
0.43017078005672277,0.0061541304380052005,0.1162973028766304
0.43572037080203146,0.006920960517554024,0.1593359957012252
0.44136251267101456,0.007907471384811935,0.18659152037090534
0.44688537099869097,0.008991315173795998,0.20003680808488844
0.4523757438641763,0.010114884165293075,0.20198131110741516
0.45790854018875693,0.011228821332272154,0.19320926651386183
0.4630573930767177,0.012201235024138536,0.17646583690767906
0.467931485322522,0.013023870865322525,0.1536407904529876
0.47279338571128005,0.013714351409320636,0.12247157686041761
0.4775116449638569,0.014216030557706706,0.08268046243792294
0.4823505778473397,0.014510207305740899,0.03146295812403588
0.48781464991206525,0.014528210162642732,-0.028569343701302614
0.4935829969219079,0.014193656195354287,-0.09412264564043989
0.49961165567785415,0.013434248665933575,-0.1609068071747999
0.5058924155337441,0.012228809522886729,-0.22157020783670647
0.5119447790030442,0.010719977620948472,-0.2713727075905588
0.5180353066789027,0.008896114368765458,-0.3146877346696948
0.524267266999593,0.006734953041948721,-0.35302309273062543
0.5300952232116716,0.004486021190753433,-0.3845323132085937
0.5355488934911771,0.0021964620064219196,-0.4112784603842704
0.5407660252169498,-0.0001439121708043541,-0.4319549393285792
0.5455133074189776,-0.0023672177616045407,-0.4426161174381584
0.5500408664103531,-0.00451954422227662,-0.4416053453565833
0.5545762282808055,-0.00663694078515596,-0.42636352113563397
0.5589306070072918,-0.008556417525364774,-0.39670868258690195
0.5632678130427711,-0.010283453986489558,-0.35244279784209015
0.5676649421067232,-0.011778902060203142,-0.2931739630097562
0.5717956500765411,-0.012898259517531785,-0.226611071390896
0.5759528942301727,-0.013726738089324023,-0.15941325111668148
0.580388508770687,-0.014296109303285686,-0.08870283405884397
0.5849841421647427,-0.01455451165304071,-0.016374898725426218
0.589758270022331,-0.01447940637248241,0.052917383498805474
0.5947271451800611,-0.014072390562661895,0.11395740704235666
0.5995370417872055,-0.01341277847935584,0.16101602150046673
0.604373299297795,-0.012543696514281432,0.1954234033842966
0.6094545467837308,-0.011477265729279436,0.21724579743726924
0.6145442949999504,-0.010325802829236012,0.22628991744215862
0.6198860868316592,-0.00909416943016715,0.2244965283824898
0.6257375737215959,-0.007788145928832688,0.21190555734974587
0.6317956793020257,-0.006545086010404348,0.1900736506267829
0.6382081183452115,-0.005402179376067058,0.16013579734952701
0.6450158585316781,-0.0044163827810980855,0.1245794420459225
0.6516726834854253,-0.0036912135172191556,0.08853894323220286
0.6583260673789335,-0.003136113753590888,0.0526634902111725
0.6650863684400447,-0.002831174840006637,0.020053739908583303
0.6714675737178374,-0.002777459853604992,-0.0038249900782834434
0.6776238348987267,-0.002844025234338911,-0.01687289460153653
0.6838562003293421,-0.0029591294455264343,-0.018919863292248016
0.6900812088157992,-0.0030651582694479597,-0.0137939125403192
0.6965663364864167,-0.0031265698536707453,-0.0041318141568143655
0.7032842415615499,-0.003125952493830164,0.004978812829999216
0.7098234229080271,-0.003072572987298765,0.011780703677962327
0.7163806405478309,-0.002980256477964974,0.016682320503011328
0.7231503463217847,-0.00285579226343708,0.02032954879084336
0.7297299857252223,-0.0027140218712828385,0.022955582930424028
0.7363151747954564,-0.002556976665118705,0.02495691319129634
0.7431028279272898,-0.0023828659193903005,0.02659680523054425
0.7496944198728536,-0.0022041269438815847,0.02791384945414089
0.7562761778358693,-0.002017400308340494,0.029072862633887017
0.7630098045542281,-0.001816252338424032,0.030621154806672234
0.7693966060491274,-0.0016160360529439773,0.03296090965284172
0.7755883195050121,-0.0014092139075775434,0.03223150412210116
0.7818658768169033,-0.0012332962972875401,0.020699984190742413
0.7881797159328104,-0.0011536442614755976,0.0024231669018339903
0.7945810674235313,-0.001183354980089183,-0.011057522775416741
0.801154994922619,-0.0012737325913342883,-0.015109488893160347
0.807638667747436,-0.001357533093171672,-0.008053865925968871
0.8141160600942542,-0.001369310759078833,0.005756155638525384
0.8208374986312419,-0.0013021464830748298,0.01338569566463657
0.8274329458764056,-0.0012107780022834063,0.013190812781340022
0.8340859075842727,-0.0011391606430043385,0.00697372602679033
0.8409579230731974,-0.001115245178948589,-0.0005639528649765058
0.8475948160219583,-0.0011338515287989057,-0.004582150368265268
0.8541866078563354,-0.001167906517328067,-0.005546252635761069
0.8609221708237167,-0.0011910178584690837,-0.0057460633387259735
0.867359754148391,-0.001224610722941429,-0.004415718748036997
0.8737790071436765,-0.0012405652532742094,-4.6803312040507297e-05
0.8805241937604964,-0.0012243003711237825,0.005279087699795514
0.8870920174599853,-0.0011809239543146251,0.0078898010679574
0.8936897081353609,-0.0011299824534544256,0.0072193161588726944
0.9005108120399199,-0.0010888979452911875,0.004566317347123278
0.907130355207948,-0.0010655265194968748,0.0023329177765419565
0.9137371692560895,-0.0010524617505760767,0.00162951138734412
0.9205334501554328,-0.0010395063046546257,0.0022530709666244322
0.9271272967723769,-0.001021554290218897,0.003286875904882402
0.9337254080097669,-0.0009978283093757846,0.00397419059511958
0.9405296072173024,-0.0009705151806962669,0.004109132740470803
0.9471358423796047,-0.000944154127566545,0.003874161524648117
0.9537406241237172,-0.0009197828667863237,0.003577450845053918
0.960533061790408,-0.0008988899394416308,0.0034812546909076883
0.9670901562432086,-0.0008779734139305195,0.0037969177263309658
0.9736823818965606,-0.000852538635709334,0.0038912664195637
0.9804779815944664,-0.0008265083480519776,0.0037770577940207553
0.9870747385103684,-0.0008021436964318586,0.0036219681474418093
0.9936721865778178,-0.0007786253897068499,0.003516102820886541
1.0004702215367898,-0.0007548875637707824,0.003473073592658972
1.0070690749735756,-0.0007319943662163432,0.003472251351821089
1.0136688942858656,-0.0007090569469418865,0.003485688025211887
1.020469935249088,-0.0006853366552072206,0.003496177547726818
1.027072224787038,-0.0006622728225631418,0.0034979689380853734
1.0336757941240255,-0.0006392274670733153,0.003492883913833022
1.040480696737861,-0.0006155378922459439,0.003484417912722108
1.0470855123714633,-0.0005926127240449409,0.003480838035038975
1.0536889458802114,-0.0005697321581012488,0.0034826246978117785
1.0604889547564236,-0.0005463056890859302,0.0035076851726362625
1.0670638602509321,-0.0005264112031110865,0.0037213205481588718
1.073632112376456,-0.0005006179819141,0.004030013845912109
1.0804293566145815,-0.00047348989164958414,0.00397311174273294
1.087025513900552,-0.0004477223388549342,0.0038505047991866724
1.0936223759746455,-0.00042271756861947017,0.0037417265620020034
1.1004200942072697,-0.0003975784406572674,0.003658870293212664
1.1070188204245555,-0.0003736350380387122,0.0036006619588727236
1.1136185239789824,-0.0003500221506561304,0.003557029283082323
1.1204193225022516,-0.0003259654975433251,0.00352071910647062
1.1270212331222456,-0.0003028330539805051,0.003490555190329587
1.1336243164996556,-0.0002798969290822459,0.0034639332616251675
1.1404287431315872,-0.00025645069098960784,0.003438981372312653
1.147033912881178,-0.0002338617773078212,0.0034169269686624842
1.1536383505710694,-0.00021142916109295604,0.0034013312009586088
1.1604408905219705,-0.00018849304712704096,0.003397609311069053
1.1669506321090204,-0.00016275353010039684,0.003736524647791346
1.1733405403499075,-0.00013850443628677894,0.00403124236837839
1.1798783683994947,-0.00011065541331969346,0.004165182982098516
1.1863559718429582,-8.668646823172045e-05,0.002705023935985373
1.1929761023409813,-7.815457500933435e-05,-0.00044999685655112086
1.1997910954517357,-8.803893089198329e-05,-0.002559710239282005
1.2063841833148503,-0.00010437245830926568,-0.0022162464865265116
1.2129633798375068,-0.00011279353261306876,-0.00010124819742919503
1.2197431079728898,-0.00010646435682518975,0.0021414375610613466
1.226324581925178,-8.579120246163572e-05,0.004314254126050586
1.2329072003330142,-5.0827758597911586e-05,0.006483354100023124
1.2396905049232767,1.0901995211271096e-07,0.008714637887371458
1.2462754142761567,6.400919240022413e-05,0.010876844370770977
1.2528606832010707,0.000142136320877906,0.013033208946041453
1.259644203449673,0.0002374394235181183,0.01524975229236688
1.266225868501195,0.0003443004149260871,0.017351953060663453
1.2727823616277085,0.0004628691873712073,0.019187559095467693
1.2795263993216957,0.0005994760813123987,0.021304549321535308
1.2861032846641691,0.0007459768632385511,0.023486681309202884
1.292677088140386,0.0009070435513371183,0.02567955641930882
1.2994502158669878,0.0010880818471855356,0.027941098736720765
1.3060246772995343,0.0012784686763243978,0.030134149740397197
1.3125997812175385,0.0014832969466212621,0.032324427164575245
1.3193747929414708,0.001709420576666807,0.034577797853204396
1.3259511848271273,0.0019435213793589816,0.03676168252221939
1.332528242178611,0.0021920178948090846,0.0389423272480986
1.3393053298211013,0.00246307764568449,0.04118592338412472
1.3458837993205033,0.002740737239783517,0.04336087892175442
1.352462658431558,0.0030327291097997054,0.04553110500111982
1.3592402017946321,0.003348456954252448,0.04776018313775594
1.3658168039422056,0.0036691925459278593,0.04993062188058556
1.3723913214295924,0.004004528816609157,0.05211899947982357
1.3791461760956265,0.004363852214946031,0.054449692755545544
1.3856601648220102,0.004727655038466094,0.0572144714024146
